"Input","SYMBOL","Species"
"2310022B05Rik-Mus musculus","2310022B05Rik","Mus musculus"
"2410002F23Rik-Mus musculus","2410002F23Rik","Mus musculus"
"4932438A13Rik-Mus musculus","4932438A13Rik","Mus musculus"
"Aak1-Mus musculus","Aak1","Mus musculus"
"Abce1-Mus musculus","Abce1","Mus musculus"
"Abhd12-Mus musculus","Abhd12","Mus musculus"
"Abhd16a-Mus musculus","Abhd16a","Mus musculus"
"Abhd17c-Mus musculus","Abhd17c","Mus musculus"
"Abhd6-Mus musculus","Abhd6","Mus musculus"
"Abi1-Mus musculus","Abi1","Mus musculus"
"Abi2-Mus musculus","Abi2","Mus musculus"
"Ablim1-Mus musculus","Ablim1","Mus musculus"
"Ablim2-Mus musculus","Ablim2","Mus musculus"
"Ablim3-Mus musculus","Ablim3","Mus musculus"
"Abr-Mus musculus","Abr","Mus musculus"
"Acaa1a-Mus musculus","Acaa1a","Mus musculus"
"Acbd5-Mus musculus","Acbd5","Mus musculus"
"Acot11-Mus musculus","Acot11","Mus musculus"
"Acsbg1-Mus musculus","Acsbg1","Mus musculus"
"Acsl3-Mus musculus","Acsl3","Mus musculus"
"Acta1-Mus musculus","Acta1","Mus musculus"
"Actb-Mus musculus","Actb","Mus musculus"
"Actbl2-Mus musculus","Actbl2","Mus musculus"
"Actg1-Mus musculus","Actg1","Mus musculus"
"Actn1-Mus musculus","Actn1","Mus musculus"
"Actn2-Mus musculus","Actn2","Mus musculus"
"Actn4-Mus musculus","Actn4","Mus musculus"
"Actr1a-Mus musculus","Actr1a","Mus musculus"
"Actr1b-Mus musculus","Actr1b","Mus musculus"
"Actr2-Mus musculus","Actr2","Mus musculus"
"Actr3-Mus musculus","Actr3","Mus musculus"
"Actr3b-Mus musculus","Actr3b","Mus musculus"
"Adam22-Mus musculus","Adam22","Mus musculus"
"Adam23-Mus musculus","Adam23","Mus musculus"
"Adap1-Mus musculus","Adap1","Mus musculus"
"Adcy1-Mus musculus","Adcy1","Mus musculus"
"Adcy2-Mus musculus","Adcy2","Mus musculus"
"Adcy5-Mus musculus","Adcy5","Mus musculus"
"Add1-Mus musculus","Add1","Mus musculus"
"Add2-Mus musculus","Add2","Mus musculus"
"Add3-Mus musculus","Add3","Mus musculus"
"Adgra1-Mus musculus","Adgra1","Mus musculus"
"Adgrb1-Mus musculus","Adgrb1","Mus musculus"
"Adgrb2-Mus musculus","Adgrb2","Mus musculus"
"Adgrb3-Mus musculus","Adgrb3","Mus musculus"
"Adgrl1-Mus musculus","Adgrl1","Mus musculus"
"Adgrl2-Mus musculus","Adgrl2","Mus musculus"
"Adgrl3-Mus musculus","Adgrl3","Mus musculus"
"Adrm1-Mus musculus","Adrm1","Mus musculus"
"Afdn-Mus musculus","Afdn","Mus musculus"
"Afg3l1-Mus musculus","Afg3l1","Mus musculus"
"Agap1-Mus musculus","Agap1","Mus musculus"
"Agap2-Mus musculus","Agap2","Mus musculus"
"Agap3-Mus musculus","Agap3","Mus musculus"
"Agfg1-Mus musculus","Agfg1","Mus musculus"
"Agpat1-Mus musculus","Agpat1","Mus musculus"
"Agpat3-Mus musculus","Agpat3","Mus musculus"
"Agpat4-Mus musculus","Agpat4","Mus musculus"
"Agps-Mus musculus","Agps","Mus musculus"
"Agrn-Mus musculus","Agrn","Mus musculus"
"Ahcyl2-Mus musculus","Ahcyl2","Mus musculus"
"Ahsa2-Mus musculus","Ahsa2","Mus musculus"
"Aimp1-Mus musculus","Aimp1","Mus musculus"
"Aimp2-Mus musculus","Aimp2","Mus musculus"
"Aire-Mus musculus","Aire","Mus musculus"
"Ajm1-Mus musculus","Ajm1","Mus musculus"
"Akap5-Mus musculus","Akap5","Mus musculus"
"Akap9-Mus musculus","Akap9","Mus musculus"
"Alb-Mus musculus","Alb","Mus musculus"
"Aldoa-Mus musculus","Aldoa","Mus musculus"
"Alg2-Mus musculus","Alg2","Mus musculus"
"Alg9-Mus musculus","Alg9","Mus musculus"
"Alpl-Mus musculus","Alpl","Mus musculus"
"Amph-Mus musculus","Amph","Mus musculus"
"Ank2-Mus musculus","Ank2","Mus musculus"
"Ank3-Mus musculus","Ank3","Mus musculus"
"Ankle2-Mus musculus","Ankle2","Mus musculus"
"Anks1b-Mus musculus","Anks1b","Mus musculus"
"Ano8-Mus musculus","Ano8","Mus musculus"
"Anpep-Mus musculus","Anpep","Mus musculus"
"Ap1b1-Mus musculus","Ap1b1","Mus musculus"
"Ap1g1-Mus musculus","Ap1g1","Mus musculus"
"Ap2a1-Mus musculus","Ap2a1","Mus musculus"
"Ap2a2-Mus musculus","Ap2a2","Mus musculus"
"Ap2b1-Mus musculus","Ap2b1","Mus musculus"
"Ap2m1-Mus musculus","Ap2m1","Mus musculus"
"Ap2s1-Mus musculus","Ap2s1","Mus musculus"
"Ap3b2-Mus musculus","Ap3b2","Mus musculus"
"Ap3d1-Mus musculus","Ap3d1","Mus musculus"
"Apba1-Mus musculus","Apba1","Mus musculus"
"Apc-Mus musculus","Apc","Mus musculus"
"Apc2-Mus musculus","Apc2","Mus musculus"
"App-Mus musculus","App","Mus musculus"
"Appl1-Mus musculus","Appl1","Mus musculus"
"Aqp4-Mus musculus","Aqp4","Mus musculus"
"Arc-Mus musculus","Arc","Mus musculus"
"Arcn1-Mus musculus","Arcn1","Mus musculus"
"Arf3-Mus musculus","Arf3","Mus musculus"
"Arf4-Mus musculus","Arf4","Mus musculus"
"Arf6-Mus musculus","Arf6","Mus musculus"
"Arfgap1-Mus musculus","Arfgap1","Mus musculus"
"Arhgap1-Mus musculus","Arhgap1","Mus musculus"
"Arhgap21-Mus musculus","Arhgap21","Mus musculus"
"Arhgap23-Mus musculus","Arhgap23","Mus musculus"
"Arhgap26-Mus musculus","Arhgap26","Mus musculus"
"Arhgap32-Mus musculus","Arhgap32","Mus musculus"
"Arhgap33-Mus musculus","Arhgap33","Mus musculus"
"Arhgap39-Mus musculus","Arhgap39","Mus musculus"
"Arhgap44-Mus musculus","Arhgap44","Mus musculus"
"Arhgef2-Mus musculus","Arhgef2","Mus musculus"
"Arhgef4-Mus musculus","Arhgef4","Mus musculus"
"Arhgef7-Mus musculus","Arhgef7","Mus musculus"
"Arl10-Mus musculus","Arl10","Mus musculus"
"Arl6ip5-Mus musculus","Arl6ip5","Mus musculus"
"Arl8a-Mus musculus","Arl8a","Mus musculus"
"Arl8b-Mus musculus","Arl8b","Mus musculus"
"Armc1-Mus musculus","Armc1","Mus musculus"
"Armc6-Mus musculus","Armc6","Mus musculus"
"Armcx1-Mus musculus","Armcx1","Mus musculus"
"Armcx2-Mus musculus","Armcx2","Mus musculus"
"Armcx3-Mus musculus","Armcx3","Mus musculus"
"Armcx4-Mus musculus","Armcx4","Mus musculus"
"Arpc1a-Mus musculus","Arpc1a","Mus musculus"
"Arpc2-Mus musculus","Arpc2","Mus musculus"
"Arpc3-Mus musculus","Arpc3","Mus musculus"
"Arpc4-Mus musculus","Arpc4","Mus musculus"
"Arpc5l-Mus musculus","Arpc5l","Mus musculus"
"Arvcf-Mus musculus","Arvcf","Mus musculus"
"Arxes1-Mus musculus","Arxes1","Mus musculus"
"Asap1-Mus musculus","Asap1","Mus musculus"
"Ascl2-Mus musculus","Ascl2","Mus musculus"
"Asic1-Mus musculus","Asic1","Mus musculus"
"Asrgl1-Mus musculus","Asrgl1","Mus musculus"
"Astn1-Mus musculus","Astn1","Mus musculus"
"Atat1-Mus musculus","Atat1","Mus musculus"
"Atl1-Mus musculus","Atl1","Mus musculus"
"Atl2-Mus musculus","Atl2","Mus musculus"
"Atmin-Mus musculus","Atmin","Mus musculus"
"Atp12a-Mus musculus","Atp12a","Mus musculus"
"Atp13a1-Mus musculus","Atp13a1","Mus musculus"
"Atp1a1-Mus musculus","Atp1a1","Mus musculus"
"Atp1a2-Mus musculus","Atp1a2","Mus musculus"
"Atp1a3-Mus musculus","Atp1a3","Mus musculus"
"Atp1b1-Mus musculus","Atp1b1","Mus musculus"
"Atp1b2-Mus musculus","Atp1b2","Mus musculus"
"Atp2a2-Mus musculus","Atp2a2","Mus musculus"
"Atp2b1-Mus musculus","Atp2b1","Mus musculus"
"Atp2b2-Mus musculus","Atp2b2","Mus musculus"
"Atp2b3-Mus musculus","Atp2b3","Mus musculus"
"Atp2b4-Mus musculus","Atp2b4","Mus musculus"
"Atp2c1-Mus musculus","Atp2c1","Mus musculus"
"Atp6ap1-Mus musculus","Atp6ap1","Mus musculus"
"Atp6v0a1-Mus musculus","Atp6v0a1","Mus musculus"
"Atp6v0c-Mus musculus","Atp6v0c","Mus musculus"
"Atp6v0d1-Mus musculus","Atp6v0d1","Mus musculus"
"Atp6v1a-Mus musculus","Atp6v1a","Mus musculus"
"Atp6v1b2-Mus musculus","Atp6v1b2","Mus musculus"
"Atp6v1c1-Mus musculus","Atp6v1c1","Mus musculus"
"Atp6v1d-Mus musculus","Atp6v1d","Mus musculus"
"Atp6v1e1-Mus musculus","Atp6v1e1","Mus musculus"
"Atp6v1g2-Mus musculus","Atp6v1g2","Mus musculus"
"Atp6v1h-Mus musculus","Atp6v1h","Mus musculus"
"Atp8a1-Mus musculus","Atp8a1","Mus musculus"
"Atp8a2-Mus musculus","Atp8a2","Mus musculus"
"Atp9a-Mus musculus","Atp9a","Mus musculus"
"Atxn10-Mus musculus","Atxn10","Mus musculus"
"Atxn2l-Mus musculus","Atxn2l","Mus musculus"
"B3galt6-Mus musculus","B3galt6","Mus musculus"
"B3gat3-Mus musculus","B3gat3","Mus musculus"
"Bag6-Mus musculus","Bag6","Mus musculus"
"Baiap2-Mus musculus","Baiap2","Mus musculus"
"Banf1-Mus musculus","Banf1","Mus musculus"
"Basp1-Mus musculus","Basp1","Mus musculus"
"Bbc3-Mus musculus","Bbc3","Mus musculus"
"Bbs2-Mus musculus","Bbs2","Mus musculus"
"Bcap31-Mus musculus","Bcap31","Mus musculus"
"Bcas1-Mus musculus","Bcas1","Mus musculus"
"Begain-Mus musculus","Begain","Mus musculus"
"Birc6-Mus musculus","Birc6","Mus musculus"
"Brca2-Mus musculus","Brca2","Mus musculus"
"Bri3bp-Mus musculus","Bri3bp","Mus musculus"
"Brinp1-Mus musculus","Brinp1","Mus musculus"
"Brsk1-Mus musculus","Brsk1","Mus musculus"
"Brsk2-Mus musculus","Brsk2","Mus musculus"
"Bsg-Mus musculus","Bsg","Mus musculus"
"Bsn-Mus musculus","Bsn","Mus musculus"
"Btbd11-Mus musculus","Btbd11","Mus musculus"
"Btbd17-Mus musculus","Btbd17","Mus musculus"
"Bzw2-Mus musculus","Bzw2","Mus musculus"
"C1galt1c1-Mus musculus","C1galt1c1","Mus musculus"
"C1qtnf4-Mus musculus","C1qtnf4","Mus musculus"
"C2cd2l-Mus musculus","C2cd2l","Mus musculus"
"Cables1-Mus musculus","Cables1","Mus musculus"
"Cables2-Mus musculus","Cables2","Mus musculus"
"Cacna1a-Mus musculus","Cacna1a","Mus musculus"
"Cacna1b-Mus musculus","Cacna1b","Mus musculus"
"Cacna1e-Mus musculus","Cacna1e","Mus musculus"
"Cacna2d1-Mus musculus","Cacna2d1","Mus musculus"
"Cacna2d3-Mus musculus","Cacna2d3","Mus musculus"
"Cacnb1-Mus musculus","Cacnb1","Mus musculus"
"Cacnb3-Mus musculus","Cacnb3","Mus musculus"
"Cacnb4-Mus musculus","Cacnb4","Mus musculus"
"Cacng2-Mus musculus","Cacng2","Mus musculus"
"Cacng3-Mus musculus","Cacng3","Mus musculus"
"Cacng8-Mus musculus","Cacng8","Mus musculus"
"Cad-Mus musculus","Cad","Mus musculus"
"Cadm2-Mus musculus","Cadm2","Mus musculus"
"Cadps-Mus musculus","Cadps","Mus musculus"
"Calm1-Mus musculus","Calm1","Mus musculus"
"Calr-Mus musculus","Calr","Mus musculus"
"Camk2a-Mus musculus","Camk2a","Mus musculus"
"Camk2b-Mus musculus","Camk2b","Mus musculus"
"Camk2d-Mus musculus","Camk2d","Mus musculus"
"Camk2g-Mus musculus","Camk2g","Mus musculus"
"Camkv-Mus musculus","Camkv","Mus musculus"
"Caml-Mus musculus","Caml","Mus musculus"
"Camsap1-Mus musculus","Camsap1","Mus musculus"
"Camsap2-Mus musculus","Camsap2","Mus musculus"
"Camsap3-Mus musculus","Camsap3","Mus musculus"
"Cand1-Mus musculus","Cand1","Mus musculus"
"Canx-Mus musculus","Canx","Mus musculus"
"Cap1-Mus musculus","Cap1","Mus musculus"
"Capn5-Mus musculus","Capn5","Mus musculus"
"Capza1-Mus musculus","Capza1","Mus musculus"
"Capza2-Mus musculus","Capza2","Mus musculus"
"Capzb-Mus musculus","Capzb","Mus musculus"
"Car4-Mus musculus","Car4","Mus musculus"
"Carm1-Mus musculus","Carm1","Mus musculus"
"Cask-Mus musculus","Cask","Mus musculus"
"Caskin1-Mus musculus","Caskin1","Mus musculus"
"Cc2d1a-Mus musculus","Cc2d1a","Mus musculus"
"Ccdc136-Mus musculus","Ccdc136","Mus musculus"
"Ccdc177-Mus musculus","Ccdc177","Mus musculus"
"Ccdc47-Mus musculus","Ccdc47","Mus musculus"
"Ccdc88a-Mus musculus","Ccdc88a","Mus musculus"
"Ccny-Mus musculus","Ccny","Mus musculus"
"Cct2-Mus musculus","Cct2","Mus musculus"
"Cct3-Mus musculus","Cct3","Mus musculus"
"Cct4-Mus musculus","Cct4","Mus musculus"
"Cct5-Mus musculus","Cct5","Mus musculus"
"Cct6a-Mus musculus","Cct6a","Mus musculus"
"Cct8-Mus musculus","Cct8","Mus musculus"
"Ccz1-Mus musculus","Ccz1","Mus musculus"
"Cd200-Mus musculus","Cd200","Mus musculus"
"Cd47-Mus musculus","Cd47","Mus musculus"
"Cdc42-Mus musculus","Cdc42","Mus musculus"
"Cdc42bpb-Mus musculus","Cdc42bpb","Mus musculus"
"Cdc42ep4-Mus musculus","Cdc42ep4","Mus musculus"
"Cdh10-Mus musculus","Cdh10","Mus musculus"
"Cdh11-Mus musculus","Cdh11","Mus musculus"
"Cdh13-Mus musculus","Cdh13","Mus musculus"
"Cdh2-Mus musculus","Cdh2","Mus musculus"
"Cdh4-Mus musculus","Cdh4","Mus musculus"
"Cdh6-Mus musculus","Cdh6","Mus musculus"
"Cdipt-Mus musculus","Cdipt","Mus musculus"
"Cdk10-Mus musculus","Cdk10","Mus musculus"
"Cdk17-Mus musculus","Cdk17","Mus musculus"
"Cdk5-Mus musculus","Cdk5","Mus musculus"
"Cdkl5-Mus musculus","Cdkl5","Mus musculus"
"Cds2-Mus musculus","Cds2","Mus musculus"
"Cebpzos-Mus musculus","Cebpzos","Mus musculus"
"Celsr3-Mus musculus","Celsr3","Mus musculus"
"Cend1-Mus musculus","Cend1","Mus musculus"
"Cenpv-Mus musculus","Cenpv","Mus musculus"
"Cep170-Mus musculus","Cep170","Mus musculus"
"Cep170b-Mus musculus","Cep170b","Mus musculus"
"Cep295-Mus musculus","Cep295","Mus musculus"
"Cept1-Mus musculus","Cept1","Mus musculus"
"Cfl1-Mus musculus","Cfl1","Mus musculus"
"Chd1-Mus musculus","Chd1","Mus musculus"
"Chid1-Mus musculus","Chid1","Mus musculus"
"Chmp4b-Mus musculus","Chmp4b","Mus musculus"
"Chp1-Mus musculus","Chp1","Mus musculus"
"Chrm1-Mus musculus","Chrm1","Mus musculus"
"Cit-Mus musculus","Cit","Mus musculus"
"Ckap4-Mus musculus","Ckap4","Mus musculus"
"Ckap5-Mus musculus","Ckap5","Mus musculus"
"Ckb-Mus musculus","Ckb","Mus musculus"
"Clasp1-Mus musculus","Clasp1","Mus musculus"
"Clasp2-Mus musculus","Clasp2","Mus musculus"
"Clcn2-Mus musculus","Clcn2","Mus musculus"
"Clcn6-Mus musculus","Clcn6","Mus musculus"
"Cldn11-Mus musculus","Cldn11","Mus musculus"
"Cldn12-Mus musculus","Cldn12","Mus musculus"
"Cldnd1-Mus musculus","Cldnd1","Mus musculus"
"Clip2-Mus musculus","Clip2","Mus musculus"
"Clip3-Mus musculus","Clip3","Mus musculus"
"Clmn-Mus musculus","Clmn","Mus musculus"
"Clptm1-Mus musculus","Clptm1","Mus musculus"
"Cltc-Mus musculus","Cltc","Mus musculus"
"Clu-Mus musculus","Clu","Mus musculus"
"Cmas-Mus musculus","Cmas","Mus musculus"
"Cmip-Mus musculus","Cmip","Mus musculus"
"Cnih3-Mus musculus","Cnih3","Mus musculus"
"Cnksr2-Mus musculus","Cnksr2","Mus musculus"
"Cnot1-Mus musculus","Cnot1","Mus musculus"
"Cnp-Mus musculus","Cnp","Mus musculus"
"Cntfr-Mus musculus","Cntfr","Mus musculus"
"Cntn1-Mus musculus","Cntn1","Mus musculus"
"Cntn2-Mus musculus","Cntn2","Mus musculus"
"Cntn4-Mus musculus","Cntn4","Mus musculus"
"Cntnap1-Mus musculus","Cntnap1","Mus musculus"
"Cntnap2-Mus musculus","Cntnap2","Mus musculus"
"Cntrl-Mus musculus","Cntrl","Mus musculus"
"Copa-Mus musculus","Copa","Mus musculus"
"Copb1-Mus musculus","Copb1","Mus musculus"
"Coro1a-Mus musculus","Coro1a","Mus musculus"
"Coro1c-Mus musculus","Coro1c","Mus musculus"
"Coro2a-Mus musculus","Coro2a","Mus musculus"
"Coro2b-Mus musculus","Coro2b","Mus musculus"
"Cplx2-Mus musculus","Cplx2","Mus musculus"
"Cpne9-Mus musculus","Cpne9","Mus musculus"
"Cracd-Mus musculus","Cracd","Mus musculus"
"Cracdl-Mus musculus","Cracdl","Mus musculus"
"Crip2-Mus musculus","Crip2","Mus musculus"
"Crmp1-Mus musculus","Crmp1","Mus musculus"
"Crocc-Mus musculus","Crocc","Mus musculus"
"Cse1l-Mus musculus","Cse1l","Mus musculus"
"Csl-Mus musculus","Csl","Mus musculus"
"Csnk1a1-Mus musculus","Csnk1a1","Mus musculus"
"Csnk1d-Mus musculus","Csnk1d","Mus musculus"
"Csnk1e-Mus musculus","Csnk1e","Mus musculus"
"Csnk1g3-Mus musculus","Csnk1g3","Mus musculus"
"Csnk2a1-Mus musculus","Csnk2a1","Mus musculus"
"Csnk2a2-Mus musculus","Csnk2a2","Mus musculus"
"Csnk2b-Mus musculus","Csnk2b","Mus musculus"
"Cspg4-Mus musculus","Cspg4","Mus musculus"
"Cspg5-Mus musculus","Cspg5","Mus musculus"
"Csrp1-Mus musculus","Csrp1","Mus musculus"
"Ctbp1-Mus musculus","Ctbp1","Mus musculus"
"Ctc1-Mus musculus","Ctc1","Mus musculus"
"Ctnna1-Mus musculus","Ctnna1","Mus musculus"
"Ctnna2-Mus musculus","Ctnna2","Mus musculus"
"Ctnnb1-Mus musculus","Ctnnb1","Mus musculus"
"Ctnnd1-Mus musculus","Ctnnd1","Mus musculus"
"Ctnnd2-Mus musculus","Ctnnd2","Mus musculus"
"Cttn-Mus musculus","Cttn","Mus musculus"
"Cttnbp2-Mus musculus","Cttnbp2","Mus musculus"
"Cxadr-Mus musculus","Cxadr","Mus musculus"
"Cyb5r1-Mus musculus","Cyb5r1","Mus musculus"
"Cyfip1-Mus musculus","Cyfip1","Mus musculus"
"Cyfip2-Mus musculus","Cyfip2","Mus musculus"
"Cyld-Mus musculus","Cyld","Mus musculus"
"Cyp46a1-Mus musculus","Cyp46a1","Mus musculus"
"Cyth3-Mus musculus","Cyth3","Mus musculus"
"D430041D05Rik-Mus musculus","D430041D05Rik","Mus musculus"
"D630045J12Rik-Mus musculus","D630045J12Rik","Mus musculus"
"Daam1-Mus musculus","Daam1","Mus musculus"
"Daam2-Mus musculus","Daam2","Mus musculus"
"Dact3-Mus musculus","Dact3","Mus musculus"
"Dad1-Mus musculus","Dad1","Mus musculus"
"Dagla-Mus musculus","Dagla","Mus musculus"
"Dars-Mus musculus","Dars","Mus musculus"
"Dbn1-Mus musculus","Dbn1","Mus musculus"
"Dbnl-Mus musculus","Dbnl","Mus musculus"
"Dcc-Mus musculus","Dcc","Mus musculus"
"Dclk1-Mus musculus","Dclk1","Mus musculus"
"Dclk2-Mus musculus","Dclk2","Mus musculus"
"Dctn1-Mus musculus","Dctn1","Mus musculus"
"Dctn2-Mus musculus","Dctn2","Mus musculus"
"Dcx-Mus musculus","Dcx","Mus musculus"
"Ddost-Mus musculus","Ddost","Mus musculus"
"Ddrgk1-Mus musculus","Ddrgk1","Mus musculus"
"Ddx1-Mus musculus","Ddx1","Mus musculus"
"Ddx17-Mus musculus","Ddx17","Mus musculus"
"Ddx39a-Mus musculus","Ddx39a","Mus musculus"
"Ddx3x-Mus musculus","Ddx3x","Mus musculus"
"Ddx5-Mus musculus","Ddx5","Mus musculus"
"Ddx6-Mus musculus","Ddx6","Mus musculus"
"Dgat1-Mus musculus","Dgat1","Mus musculus"
"Dgkb-Mus musculus","Dgkb","Mus musculus"
"Dgkd-Mus musculus","Dgkd","Mus musculus"
"Dgke-Mus musculus","Dgke","Mus musculus"
"Dgki-Mus musculus","Dgki","Mus musculus"
"Dhcr7-Mus musculus","Dhcr7","Mus musculus"
"Dhrs13-Mus musculus","Dhrs13","Mus musculus"
"Diaph1-Mus musculus","Diaph1","Mus musculus"
"Dip2b-Mus musculus","Dip2b","Mus musculus"
"Dip2c-Mus musculus","Dip2c","Mus musculus"
"Diras2-Mus musculus","Diras2","Mus musculus"
"Dlg1-Mus musculus","Dlg1","Mus musculus"
"Dlg2-Mus musculus","Dlg2","Mus musculus"
"Dlg3-Mus musculus","Dlg3","Mus musculus"
"Dlg4-Mus musculus","Dlg4","Mus musculus"
"Dlgap1-Mus musculus","Dlgap1","Mus musculus"
"Dlgap2-Mus musculus","Dlgap2","Mus musculus"
"Dlgap3-Mus musculus","Dlgap3","Mus musculus"
"Dlgap4-Mus musculus","Dlgap4","Mus musculus"
"Dmac1-Mus musculus","Dmac1","Mus musculus"
"Dmd-Mus musculus","Dmd","Mus musculus"
"Dmtn-Mus musculus","Dmtn","Mus musculus"
"Dmxl2-Mus musculus","Dmxl2","Mus musculus"
"Dnah9-Mus musculus","Dnah9","Mus musculus"
"Dnaja1-Mus musculus","Dnaja1","Mus musculus"
"Dnaja2-Mus musculus","Dnaja2","Mus musculus"
"Dnajb1-Mus musculus","Dnajb1","Mus musculus"
"Dnajb11-Mus musculus","Dnajb11","Mus musculus"
"Dnajb12-Mus musculus","Dnajb12","Mus musculus"
"Dnajb6-Mus musculus","Dnajb6","Mus musculus"
"Dnajc10-Mus musculus","Dnajc10","Mus musculus"
"Dnajc13-Mus musculus","Dnajc13","Mus musculus"
"Dnajc16-Mus musculus","Dnajc16","Mus musculus"
"Dnajc5-Mus musculus","Dnajc5","Mus musculus"
"Dnajc6-Mus musculus","Dnajc6","Mus musculus"
"Dner-Mus musculus","Dner","Mus musculus"
"Dnm1-Mus musculus","Dnm1","Mus musculus"
"Dnm2-Mus musculus","Dnm2","Mus musculus"
"Dnm3-Mus musculus","Dnm3","Mus musculus"
"Dnpep-Mus musculus","Dnpep","Mus musculus"
"Dock3-Mus musculus","Dock3","Mus musculus"
"Dock4-Mus musculus","Dock4","Mus musculus"
"Dock7-Mus musculus","Dock7","Mus musculus"
"Dock9-Mus musculus","Dock9","Mus musculus"
"Dpm1-Mus musculus","Dpm1","Mus musculus"
"Dpp10-Mus musculus","Dpp10","Mus musculus"
"Dpp6-Mus musculus","Dpp6","Mus musculus"
"Dpy19l1-Mus musculus","Dpy19l1","Mus musculus"
"Dpysl2-Mus musculus","Dpysl2","Mus musculus"
"Dpysl3-Mus musculus","Dpysl3","Mus musculus"
"Dpysl4-Mus musculus","Dpysl4","Mus musculus"
"Dpysl5-Mus musculus","Dpysl5","Mus musculus"
"Dst-Mus musculus","Dst","Mus musculus"
"Dstn-Mus musculus","Dstn","Mus musculus"
"Dtna-Mus musculus","Dtna","Mus musculus"
"Dync1h1-Mus musculus","Dync1h1","Mus musculus"
"Dync1i1-Mus musculus","Dync1i1","Mus musculus"
"Dync1i2-Mus musculus","Dync1i2","Mus musculus"
"Dync1li1-Mus musculus","Dync1li1","Mus musculus"
"Dync1li2-Mus musculus","Dync1li2","Mus musculus"
"Dync2h1-Mus musculus","Dync2h1","Mus musculus"
"Dynll1-Mus musculus","Dynll1","Mus musculus"
"Dynll2-Mus musculus","Dynll2","Mus musculus"
"Dyrk2-Mus musculus","Dyrk2","Mus musculus"
"Dzank1-Mus musculus","Dzank1","Mus musculus"
"Dzip3-Mus musculus","Dzip3","Mus musculus"
"Eci3-Mus musculus","Eci3","Mus musculus"
"Edc4-Mus musculus","Edc4","Mus musculus"
"Eef1a1-Mus musculus","Eef1a1","Mus musculus"
"Eef1a2-Mus musculus","Eef1a2","Mus musculus"
"Eef1b2-Mus musculus","Eef1b2","Mus musculus"
"Eef1d-Mus musculus","Eef1d","Mus musculus"
"Eef1g-Mus musculus","Eef1g","Mus musculus"
"Eef2-Mus musculus","Eef2","Mus musculus"
"Efr3a-Mus musculus","Efr3a","Mus musculus"
"Efr3b-Mus musculus","Efr3b","Mus musculus"
"Ehd1-Mus musculus","Ehd1","Mus musculus"
"Eif2s3x-Mus musculus","Eif2s3x","Mus musculus"
"Eif4a1-Mus musculus","Eif4a1","Mus musculus"
"Eif4a2-Mus musculus","Eif4a2","Mus musculus"
"Eif4a3-Mus musculus","Eif4a3","Mus musculus"
"Eif4e-Mus musculus","Eif4e","Mus musculus"
"Eif4g1-Mus musculus","Eif4g1","Mus musculus"
"Eif4g2-Mus musculus","Eif4g2","Mus musculus"
"Eif4g3-Mus musculus","Eif4g3","Mus musculus"
"Elfn1-Mus musculus","Elfn1","Mus musculus"
"Elfn2-Mus musculus","Elfn2","Mus musculus"
"Elmo2-Mus musculus","Elmo2","Mus musculus"
"Elmod1-Mus musculus","Elmod1","Mus musculus"
"Elmod2-Mus musculus","Elmod2","Mus musculus"
"Elovl5-Mus musculus","Elovl5","Mus musculus"
"Elp1-Mus musculus","Elp1","Mus musculus"
"Elp2-Mus musculus","Elp2","Mus musculus"
"Emc1-Mus musculus","Emc1","Mus musculus"
"Emc10-Mus musculus","Emc10","Mus musculus"
"Emc3-Mus musculus","Emc3","Mus musculus"
"Emc4-Mus musculus","Emc4","Mus musculus"
"Emc7-Mus musculus","Emc7","Mus musculus"
"Emc8-Mus musculus","Emc8","Mus musculus"
"Emd-Mus musculus","Emd","Mus musculus"
"Emx1-Mus musculus","Emx1","Mus musculus"
"Enah-Mus musculus","Enah","Mus musculus"
"Endod1-Mus musculus","Endod1","Mus musculus"
"Eno1-Mus musculus","Eno1","Mus musculus"
"Entpd6-Mus musculus","Entpd6","Mus musculus"
"Epb41-Mus musculus","Epb41","Mus musculus"
"Epb41l1-Mus musculus","Epb41l1","Mus musculus"
"Epb41l2-Mus musculus","Epb41l2","Mus musculus"
"Epb41l3-Mus musculus","Epb41l3","Mus musculus"
"Epha4-Mus musculus","Epha4","Mus musculus"
"Epha7-Mus musculus","Epha7","Mus musculus"
"Epm2aip1-Mus musculus","Epm2aip1","Mus musculus"
"Eprs-Mus musculus","Eprs","Mus musculus"
"Erc1-Mus musculus","Erc1","Mus musculus"
"Erc2-Mus musculus","Erc2","Mus musculus"
"Erlin2-Mus musculus","Erlin2","Mus musculus"
"Esyt2-Mus musculus","Esyt2","Mus musculus"
"Etf1-Mus musculus","Etf1","Mus musculus"
"Etl4-Mus musculus","Etl4","Mus musculus"
"Evi5l-Mus musculus","Evi5l","Mus musculus"
"Evl-Mus musculus","Evl","Mus musculus"
"Ewsr1-Mus musculus","Ewsr1","Mus musculus"
"Exd2-Mus musculus","Exd2","Mus musculus"
"Exoc1-Mus musculus","Exoc1","Mus musculus"
"Exoc2-Mus musculus","Exoc2","Mus musculus"
"Exoc3-Mus musculus","Exoc3","Mus musculus"
"Exoc4-Mus musculus","Exoc4","Mus musculus"
"Exoc6-Mus musculus","Exoc6","Mus musculus"
"Exoc7-Mus musculus","Exoc7","Mus musculus"
"Exoc8-Mus musculus","Exoc8","Mus musculus"
"Faah-Mus musculus","Faah","Mus musculus"
"Fads1-Mus musculus","Fads1","Mus musculus"
"Fads2-Mus musculus","Fads2","Mus musculus"
"Faf2-Mus musculus","Faf2","Mus musculus"
"Fam120a-Mus musculus","Fam120a","Mus musculus"
"Fam126b-Mus musculus","Fam126b","Mus musculus"
"Fam168a-Mus musculus","Fam168a","Mus musculus"
"Fam171a2-Mus musculus","Fam171a2","Mus musculus"
"Fam177a-Mus musculus","Fam177a","Mus musculus"
"Fam20b-Mus musculus","Fam20b","Mus musculus"
"Fam81a-Mus musculus","Fam81a","Mus musculus"
"Fam98b-Mus musculus","Fam98b","Mus musculus"
"Far1-Mus musculus","Far1","Mus musculus"
"Farp1-Mus musculus","Farp1","Mus musculus"
"Farsa-Mus musculus","Farsa","Mus musculus"
"Farsb-Mus musculus","Farsb","Mus musculus"
"Fat1-Mus musculus","Fat1","Mus musculus"
"Fat2-Mus musculus","Fat2","Mus musculus"
"Fat3-Mus musculus","Fat3","Mus musculus"
"Fat4-Mus musculus","Fat4","Mus musculus"
"Faxc-Mus musculus","Faxc","Mus musculus"
"Fbxl16-Mus musculus","Fbxl16","Mus musculus"
"Fbxl17-Mus musculus","Fbxl17","Mus musculus"
"Fbxo41-Mus musculus","Fbxo41","Mus musculus"
"Fdft1-Mus musculus","Fdft1","Mus musculus"
"Fgf13-Mus musculus","Fgf13","Mus musculus"
"Fkbp1b-Mus musculus","Fkbp1b","Mus musculus"
"Fkbp3-Mus musculus","Fkbp3","Mus musculus"
"Flna-Mus musculus","Flna","Mus musculus"
"Flot1-Mus musculus","Flot1","Mus musculus"
"Flot2-Mus musculus","Flot2","Mus musculus"
"Flrt2-Mus musculus","Flrt2","Mus musculus"
"Fmn2-Mus musculus","Fmn2","Mus musculus"
"Fmnl2-Mus musculus","Fmnl2","Mus musculus"
"Fmr1-Mus musculus","Fmr1","Mus musculus"
"Frmd4a-Mus musculus","Frmd4a","Mus musculus"
"Frmpd3-Mus musculus","Frmpd3","Mus musculus"
"Frrs1l-Mus musculus","Frrs1l","Mus musculus"
"Fry-Mus musculus","Fry","Mus musculus"
"Fut8-Mus musculus","Fut8","Mus musculus"
"Fxr1-Mus musculus","Fxr1","Mus musculus"
"Fxyd6-Mus musculus","Fxyd6","Mus musculus"
"Fyn-Mus musculus","Fyn","Mus musculus"
"Gabbr1-Mus musculus","Gabbr1","Mus musculus"
"Gabbr2-Mus musculus","Gabbr2","Mus musculus"
"Gabra1-Mus musculus","Gabra1","Mus musculus"
"Gabra3-Mus musculus","Gabra3","Mus musculus"
"Gabra5-Mus musculus","Gabra5","Mus musculus"
"Gabrb1-Mus musculus","Gabrb1","Mus musculus"
"Gabrb2-Mus musculus","Gabrb2","Mus musculus"
"Gabrb3-Mus musculus","Gabrb3","Mus musculus"
"Gabrg2-Mus musculus","Gabrg2","Mus musculus"
"Gad1-Mus musculus","Gad1","Mus musculus"
"Galnt2-Mus musculus","Galnt2","Mus musculus"
"Gap43-Mus musculus","Gap43","Mus musculus"
"Gas7-Mus musculus","Gas7","Mus musculus"
"Gatad2b-Mus musculus","Gatad2b","Mus musculus"
"Gba-Mus musculus","Gba","Mus musculus"
"Gcn1-Mus musculus","Gcn1","Mus musculus"
"Gda-Mus musculus","Gda","Mus musculus"
"Gdap1l1-Mus musculus","Gdap1l1","Mus musculus"
"Gdpd1-Mus musculus","Gdpd1","Mus musculus"
"Get4-Mus musculus","Get4","Mus musculus"
"Gfap-Mus musculus","Gfap","Mus musculus"
"Gfra2-Mus musculus","Gfra2","Mus musculus"
"Gimap4-Mus musculus","Gimap4","Mus musculus"
"Git1-Mus musculus","Git1","Mus musculus"
"Gja1-Mus musculus","Gja1","Mus musculus"
"Gjc2-Mus musculus","Gjc2","Mus musculus"
"Glg1-Mus musculus","Glg1","Mus musculus"
"Glra2-Mus musculus","Glra2","Mus musculus"
"Glul-Mus musculus","Glul","Mus musculus"
"Gm4737-Mus musculus","Gm4737","Mus musculus"
"Gna11-Mus musculus","Gna11","Mus musculus"
"Gna13-Mus musculus","Gna13","Mus musculus"
"Gnai1-Mus musculus","Gnai1","Mus musculus"
"Gnai2-Mus musculus","Gnai2","Mus musculus"
"Gnai3-Mus musculus","Gnai3","Mus musculus"
"Gnao1-Mus musculus","Gnao1","Mus musculus"
"Gnaq-Mus musculus","Gnaq","Mus musculus"
"Gnas-Mus musculus","Gnas","Mus musculus"
"Gnat1-Mus musculus","Gnat1","Mus musculus"
"Gnaz-Mus musculus","Gnaz","Mus musculus"
"Gnb1-Mus musculus","Gnb1","Mus musculus"
"Gnb2-Mus musculus","Gnb2","Mus musculus"
"Gnb4-Mus musculus","Gnb4","Mus musculus"
"Gnb5-Mus musculus","Gnb5","Mus musculus"
"Gng12-Mus musculus","Gng12","Mus musculus"
"Gng2-Mus musculus","Gng2","Mus musculus"
"Gng3-Mus musculus","Gng3","Mus musculus"
"Gng4-Mus musculus","Gng4","Mus musculus"
"Gnpat-Mus musculus","Gnpat","Mus musculus"
"Golga7b-Mus musculus","Golga7b","Mus musculus"
"Golgb1-Mus musculus","Golgb1","Mus musculus"
"Golim4-Mus musculus","Golim4","Mus musculus"
"Golm2-Mus musculus","Golm2","Mus musculus"
"Gpaa1-Mus musculus","Gpaa1","Mus musculus"
"Gpc1-Mus musculus","Gpc1","Mus musculus"
"Gpc2-Mus musculus","Gpc2","Mus musculus"
"Gphn-Mus musculus","Gphn","Mus musculus"
"Gpm6a-Mus musculus","Gpm6a","Mus musculus"
"Gpm6b-Mus musculus","Gpm6b","Mus musculus"
"Gpr119-Mus musculus","Gpr119","Mus musculus"
"Gpr158-Mus musculus","Gpr158","Mus musculus"
"Gpr37l1-Mus musculus","Gpr37l1","Mus musculus"
"Gprc5b-Mus musculus","Gprc5b","Mus musculus"
"Gprin1-Mus musculus","Gprin1","Mus musculus"
"Gpsm1-Mus musculus","Gpsm1","Mus musculus"
"Gramd1a-Mus musculus","Gramd1a","Mus musculus"
"Gramd1b-Mus musculus","Gramd1b","Mus musculus"
"Grcc10-Mus musculus","Grcc10","Mus musculus"
"Gria1-Mus musculus","Gria1","Mus musculus"
"Gria2-Mus musculus","Gria2","Mus musculus"
"Gria3-Mus musculus","Gria3","Mus musculus"
"Gria4-Mus musculus","Gria4","Mus musculus"
"Grid2-Mus musculus","Grid2","Mus musculus"
"Grik2-Mus musculus","Grik2","Mus musculus"
"Grik3-Mus musculus","Grik3","Mus musculus"
"Grin1-Mus musculus","Grin1","Mus musculus"
"Grin2a-Mus musculus","Grin2a","Mus musculus"
"Grin2b-Mus musculus","Grin2b","Mus musculus"
"Grip1-Mus musculus","Grip1","Mus musculus"
"Grk2-Mus musculus","Grk2","Mus musculus"
"Grm1-Mus musculus","Grm1","Mus musculus"
"Grm2-Mus musculus","Grm2","Mus musculus"
"Grm3-Mus musculus","Grm3","Mus musculus"
"Grm4-Mus musculus","Grm4","Mus musculus"
"Grm5-Mus musculus","Grm5","Mus musculus"
"Grm7-Mus musculus","Grm7","Mus musculus"
"Gsg1l-Mus musculus","Gsg1l","Mus musculus"
"Gsk3a-Mus musculus","Gsk3a","Mus musculus"
"Gsk3b-Mus musculus","Gsk3b","Mus musculus"
"Gtf2i-Mus musculus","Gtf2i","Mus musculus"
"Gtpbp8-Mus musculus","Gtpbp8","Mus musculus"
"Gucy1a2-Mus musculus","Gucy1a2","Mus musculus"
"Gucy1b1-Mus musculus","Gucy1b1","Mus musculus"
"H13-Mus musculus","H13","Mus musculus"
"H1f0-Mus musculus","H1f0","Mus musculus"
"H1f1-Mus musculus","H1f1","Mus musculus"
"H1f2-Mus musculus","H1f2","Mus musculus"
"H1f4-Mus musculus","H1f4","Mus musculus"
"H1f5-Mus musculus","H1f5","Mus musculus"
"H2ac1-Mus musculus","H2ac1","Mus musculus"
"H2ac20-Mus musculus","H2ac20","Mus musculus"
"H2az2-Mus musculus","H2az2","Mus musculus"
"H2bc22-Mus musculus","H2bc22","Mus musculus"
"H2bu2-Mus musculus","H2bu2","Mus musculus"
"H3f3a-Mus musculus","H3f3a","Mus musculus"
"H4c8-Mus musculus","H4c8","Mus musculus"
"Hacd2-Mus musculus","Hacd2","Mus musculus"
"Hacd3-Mus musculus","Hacd3","Mus musculus"
"Hapln1-Mus musculus","Hapln1","Mus musculus"
"Has2-Mus musculus","Has2","Mus musculus"
"Hax1-Mus musculus","Hax1","Mus musculus"
"Hbb-bs-Mus musculus","Hbb-bs","Mus musculus"
"Hcfc1-Mus musculus","Hcfc1","Mus musculus"
"Hcn1-Mus musculus","Hcn1","Mus musculus"
"Hdlbp-Mus musculus","Hdlbp","Mus musculus"
"Hectd4-Mus musculus","Hectd4","Mus musculus"
"Hecw1-Mus musculus","Hecw1","Mus musculus"
"Hecw2-Mus musculus","Hecw2","Mus musculus"
"Hepacam-Mus musculus","Hepacam","Mus musculus"
"Herc2-Mus musculus","Herc2","Mus musculus"
"Hexb-Mus musculus","Hexb","Mus musculus"
"Hip1-Mus musculus","Hip1","Mus musculus"
"Hip1r-Mus musculus","Hip1r","Mus musculus"
"Hkdc1-Mus musculus","Hkdc1","Mus musculus"
"Hmgb2-Mus musculus","Hmgb2","Mus musculus"
"Hmgcr-Mus musculus","Hmgcr","Mus musculus"
"Hnrnpa0-Mus musculus","Hnrnpa0","Mus musculus"
"Hnrnpa1-Mus musculus","Hnrnpa1","Mus musculus"
"Hnrnpa2b1-Mus musculus","Hnrnpa2b1","Mus musculus"
"Hnrnpa3-Mus musculus","Hnrnpa3","Mus musculus"
"Hnrnpd-Mus musculus","Hnrnpd","Mus musculus"
"Hnrnpf-Mus musculus","Hnrnpf","Mus musculus"
"Hnrnph1-Mus musculus","Hnrnph1","Mus musculus"
"Hnrnpk-Mus musculus","Hnrnpk","Mus musculus"
"Hnrnpm-Mus musculus","Hnrnpm","Mus musculus"
"Hnrnpu-Mus musculus","Hnrnpu","Mus musculus"
"Homer1-Mus musculus","Homer1","Mus musculus"
"Homer2-Mus musculus","Homer2","Mus musculus"
"Hp-Mus musculus","Hp","Mus musculus"
"Hp1bp3-Mus musculus","Hp1bp3","Mus musculus"
"Hpca-Mus musculus","Hpca","Mus musculus"
"Hpcal4-Mus musculus","Hpcal4","Mus musculus"
"Hras-Mus musculus","Hras","Mus musculus"
"Hs2st1-Mus musculus","Hs2st1","Mus musculus"
"Hsd17b12-Mus musculus","Hsd17b12","Mus musculus"
"Hsp90aa1-Mus musculus","Hsp90aa1","Mus musculus"
"Hsp90ab1-Mus musculus","Hsp90ab1","Mus musculus"
"Hsp90b1-Mus musculus","Hsp90b1","Mus musculus"
"Hspa12a-Mus musculus","Hspa12a","Mus musculus"
"Hspa2-Mus musculus","Hspa2","Mus musculus"
"Hspa5-Mus musculus","Hspa5","Mus musculus"
"Hspa8-Mus musculus","Hspa8","Mus musculus"
"Hsph1-Mus musculus","Hsph1","Mus musculus"
"Htra1-Mus musculus","Htra1","Mus musculus"
"Huwe1-Mus musculus","Huwe1","Mus musculus"
"Iap1-3-Mus musculus","Iap1-3","Mus musculus"
"Icam5-Mus musculus","Icam5","Mus musculus"
"Igf1r-Mus musculus","Igf1r","Mus musculus"
"Igf2bp3-Mus musculus","Igf2bp3","Mus musculus"
"Iglon5-Mus musculus","Iglon5","Mus musculus"
"Igsf21-Mus musculus","Igsf21","Mus musculus"
"Igsf3-Mus musculus","Igsf3","Mus musculus"
"Igsf8-Mus musculus","Igsf8","Mus musculus"
"Igsf9b-Mus musculus","Igsf9b","Mus musculus"
"Il1rapl1-Mus musculus","Il1rapl1","Mus musculus"
"Ildr2-Mus musculus","Ildr2","Mus musculus"
"Ilf2-Mus musculus","Ilf2","Mus musculus"
"Ina-Mus musculus","Ina","Mus musculus"
"Inpp4a-Mus musculus","Inpp4a","Mus musculus"
"Ipo5-Mus musculus","Ipo5","Mus musculus"
"Ipo7-Mus musculus","Ipo7","Mus musculus"
"Ipo9-Mus musculus","Ipo9","Mus musculus"
"Iqcb1-Mus musculus","Iqcb1","Mus musculus"
"Iqsec1-Mus musculus","Iqsec1","Mus musculus"
"Iqsec2-Mus musculus","Iqsec2","Mus musculus"
"Iqsec3-Mus musculus","Iqsec3","Mus musculus"
"Irgq-Mus musculus","Irgq","Mus musculus"
"Islr2-Mus musculus","Islr2","Mus musculus"
"Itch-Mus musculus","Itch","Mus musculus"
"Itm2c-Mus musculus","Itm2c","Mus musculus"
"Itpka-Mus musculus","Itpka","Mus musculus"
"Itpr1-Mus musculus","Itpr1","Mus musculus"
"Itpr2-Mus musculus","Itpr2","Mus musculus"
"Itsn1-Mus musculus","Itsn1","Mus musculus"
"Jagn1-Mus musculus","Jagn1","Mus musculus"
"Jakmip1-Mus musculus","Jakmip1","Mus musculus"
"Jakmip2-Mus musculus","Jakmip2","Mus musculus"
"Jcad-Mus musculus","Jcad","Mus musculus"
"Jph3-Mus musculus","Jph3","Mus musculus"
"Jph4-Mus musculus","Jph4","Mus musculus"
"Jup-Mus musculus","Jup","Mus musculus"
"Kalrn-Mus musculus","Kalrn","Mus musculus"
"Kcna1-Mus musculus","Kcna1","Mus musculus"
"Kcna2-Mus musculus","Kcna2","Mus musculus"
"Kcnab2-Mus musculus","Kcnab2","Mus musculus"
"Kcnb1-Mus musculus","Kcnb1","Mus musculus"
"Kcnj4-Mus musculus","Kcnj4","Mus musculus"
"Kcnma1-Mus musculus","Kcnma1","Mus musculus"
"Kcnq2-Mus musculus","Kcnq2","Mus musculus"
"Kctd12-Mus musculus","Kctd12","Mus musculus"
"Kctd16-Mus musculus","Kctd16","Mus musculus"
"Kctd8-Mus musculus","Kctd8","Mus musculus"
"Khdrbs1-Mus musculus","Khdrbs1","Mus musculus"
"Kidins220-Mus musculus","Kidins220","Mus musculus"
"Kif1a-Mus musculus","Kif1a","Mus musculus"
"Kif21b-Mus musculus","Kif21b","Mus musculus"
"Kif2a-Mus musculus","Kif2a","Mus musculus"
"Kif5a-Mus musculus","Kif5a","Mus musculus"
"Kif5b-Mus musculus","Kif5b","Mus musculus"
"Kif5c-Mus musculus","Kif5c","Mus musculus"
"Kifc2-Mus musculus","Kifc2","Mus musculus"
"Klc1-Mus musculus","Klc1","Mus musculus"
"Klra1-Mus musculus","Klra1","Mus musculus"
"Kpnb1-Mus musculus","Kpnb1","Mus musculus"
"Kras-Mus musculus","Kras","Mus musculus"
"Krt90-Mus musculus","Krt90","Mus musculus"
"Ktn1-Mus musculus","Ktn1","Mus musculus"
"L1cam-Mus musculus","L1cam","Mus musculus"
"Lancl1-Mus musculus","Lancl1","Mus musculus"
"Lancl2-Mus musculus","Lancl2","Mus musculus"
"Lars-Mus musculus","Lars","Mus musculus"
"Lasp1-Mus musculus","Lasp1","Mus musculus"
"Ldha-Mus musculus","Ldha","Mus musculus"
"Lemd2-Mus musculus","Lemd2","Mus musculus"
"Lemd3-Mus musculus","Lemd3","Mus musculus"
"Lgi1-Mus musculus","Lgi1","Mus musculus"
"Lgi2-Mus musculus","Lgi2","Mus musculus"
"Lgi3-Mus musculus","Lgi3","Mus musculus"
"Limch1-Mus musculus","Limch1","Mus musculus"
"Limd2-Mus musculus","Limd2","Mus musculus"
"Lin7a-Mus musculus","Lin7a","Mus musculus"
"Lin7b-Mus musculus","Lin7b","Mus musculus"
"Lin7c-Mus musculus","Lin7c","Mus musculus"
"Lingo1-Mus musculus","Lingo1","Mus musculus"
"Lmf2-Mus musculus","Lmf2","Mus musculus"
"Lmna-Mus musculus","Lmna","Mus musculus"
"Lmnb1-Mus musculus","Lmnb1","Mus musculus"
"Lmnb2-Mus musculus","Lmnb2","Mus musculus"
"Lmo7-Mus musculus","Lmo7","Mus musculus"
"Lmtk2-Mus musculus","Lmtk2","Mus musculus"
"Lmtk3-Mus musculus","Lmtk3","Mus musculus"
"Lnpk-Mus musculus","Lnpk","Mus musculus"
"LOC102635990-Mus musculus","LOC102635990","Mus musculus"
"Lpcat1-Mus musculus","Lpcat1","Mus musculus"
"Lpcat4-Mus musculus","Lpcat4","Mus musculus"
"Lrch1-Mus musculus","Lrch1","Mus musculus"
"Lrp1-Mus musculus","Lrp1","Mus musculus"
"Lrrc47-Mus musculus","Lrrc47","Mus musculus"
"Lrrc4b-Mus musculus","Lrrc4b","Mus musculus"
"Lrrc4c-Mus musculus","Lrrc4c","Mus musculus"
"Lrrc57-Mus musculus","Lrrc57","Mus musculus"
"Lrrc59-Mus musculus","Lrrc59","Mus musculus"
"Lrrc7-Mus musculus","Lrrc7","Mus musculus"
"Lrrc73-Mus musculus","Lrrc73","Mus musculus"
"Lrrc8a-Mus musculus","Lrrc8a","Mus musculus"
"Lrrc8b-Mus musculus","Lrrc8b","Mus musculus"
"Lrrc8d-Mus musculus","Lrrc8d","Mus musculus"
"Lrrtm1-Mus musculus","Lrrtm1","Mus musculus"
"Lrrtm2-Mus musculus","Lrrtm2","Mus musculus"
"Lrrtm3-Mus musculus","Lrrtm3","Mus musculus"
"Lrrtm4-Mus musculus","Lrrtm4","Mus musculus"
"Lsamp-Mus musculus","Lsamp","Mus musculus"
"Lsm11-Mus musculus","Lsm11","Mus musculus"
"Lss-Mus musculus","Lss","Mus musculus"
"Ly6h-Mus musculus","Ly6h","Mus musculus"
"Lzts1-Mus musculus","Lzts1","Mus musculus"
"Lzts3-Mus musculus","Lzts3","Mus musculus"
"Macf1-Mus musculus","Macf1","Mus musculus"
"Macroh2a1-Mus musculus","Macroh2a1","Mus musculus"
"Macroh2a2-Mus musculus","Macroh2a2","Mus musculus"
"Mag-Mus musculus","Mag","Mus musculus"
"Magi2-Mus musculus","Magi2","Mus musculus"
"Mal2-Mus musculus","Mal2","Mus musculus"
"Man1a2-Mus musculus","Man1a2","Mus musculus"
"Man1b1-Mus musculus","Man1b1","Mus musculus"
"Man2a2-Mus musculus","Man2a2","Mus musculus"
"Maneal-Mus musculus","Maneal","Mus musculus"
"Map1a-Mus musculus","Map1a","Mus musculus"
"Map1b-Mus musculus","Map1b","Mus musculus"
"Map1lc3a-Mus musculus","Map1lc3a","Mus musculus"
"Map1lc3b-Mus musculus","Map1lc3b","Mus musculus"
"Map1s-Mus musculus","Map1s","Mus musculus"
"Map2-Mus musculus","Map2","Mus musculus"
"Map2k1-Mus musculus","Map2k1","Mus musculus"
"Map2k2-Mus musculus","Map2k2","Mus musculus"
"Map4-Mus musculus","Map4","Mus musculus"
"Map4k4-Mus musculus","Map4k4","Mus musculus"
"Map6-Mus musculus","Map6","Mus musculus"
"Map6d1-Mus musculus","Map6d1","Mus musculus"
"Map7d1-Mus musculus","Map7d1","Mus musculus"
"Mapk1-Mus musculus","Mapk1","Mus musculus"
"Mapk10-Mus musculus","Mapk10","Mus musculus"
"Mapk3-Mus musculus","Mapk3","Mus musculus"
"Mapre1-Mus musculus","Mapre1","Mus musculus"
"Mapre2-Mus musculus","Mapre2","Mus musculus"
"Mapre3-Mus musculus","Mapre3","Mus musculus"
"Mapt-Mus musculus","Mapt","Mus musculus"
"Marcks-Mus musculus","Marcks","Mus musculus"
"Marcksl1-Mus musculus","Marcksl1","Mus musculus"
"Mark1-Mus musculus","Mark1","Mus musculus"
"Mark2-Mus musculus","Mark2","Mus musculus"
"Mark3-Mus musculus","Mark3","Mus musculus"
"Mark4-Mus musculus","Mark4","Mus musculus"
"Mars1-Mus musculus","Mars1","Mus musculus"
"Mast1-Mus musculus","Mast1","Mus musculus"
"Matk-Mus musculus","Matk","Mus musculus"
"Mblac2-Mus musculus","Mblac2","Mus musculus"
"Mboat7-Mus musculus","Mboat7","Mus musculus"
"Mbp-Mus musculus","Mbp","Mus musculus"
"Mdga2-Mus musculus","Mdga2","Mus musculus"
"Mgll-Mus musculus","Mgll","Mus musculus"
"Mia2-Mus musculus","Mia2","Mus musculus"
"Mia3-Mus musculus","Mia3","Mus musculus"
"Mical3-Mus musculus","Mical3","Mus musculus"
"Micu3-Mus musculus","Micu3","Mus musculus"
"Miga1-Mus musculus","Miga1","Mus musculus"
"Miga2-Mus musculus","Miga2","Mus musculus"
"Mink1-Mus musculus","Mink1","Mus musculus"
"Mlc1-Mus musculus","Mlc1","Mus musculus"
"Mlec-Mus musculus","Mlec","Mus musculus"
"Mlf2-Mus musculus","Mlf2","Mus musculus"
"Mlip-Mus musculus","Mlip","Mus musculus"
"Mmaa-Mus musculus","Mmaa","Mus musculus"
"Mmgt1-Mus musculus","Mmgt1","Mus musculus"
"Mog-Mus musculus","Mog","Mus musculus"
"Mogs-Mus musculus","Mogs","Mus musculus"
"Mpp2-Mus musculus","Mpp2","Mus musculus"
"Mpp3-Mus musculus","Mpp3","Mus musculus"
"Mpp6-Mus musculus","Mpp6","Mus musculus"
"Mprip-Mus musculus","Mprip","Mus musculus"
"Mras-Mus musculus","Mras","Mus musculus"
"Msn-Mus musculus","Msn","Mus musculus"
"Mtcl1-Mus musculus","Mtcl1","Mus musculus"
"Mtdh-Mus musculus","Mtdh","Mus musculus"
"Mtmr3-Mus musculus","Mtmr3","Mus musculus"
"Mtor-Mus musculus","Mtor","Mus musculus"
"Mtx3-Mus musculus","Mtx3","Mus musculus"
"Myadm-Mus musculus","Myadm","Mus musculus"
"Mycbp2-Mus musculus","Mycbp2","Mus musculus"
"Myef2-Mus musculus","Myef2","Mus musculus"
"Myh10-Mus musculus","Myh10","Mus musculus"
"Myh11-Mus musculus","Myh11","Mus musculus"
"Myh14-Mus musculus","Myh14","Mus musculus"
"Myh9-Mus musculus","Myh9","Mus musculus"
"Myl12b-Mus musculus","Myl12b","Mus musculus"
"Myl6-Mus musculus","Myl6","Mus musculus"
"Myo18a-Mus musculus","Myo18a","Mus musculus"
"Myo1b-Mus musculus","Myo1b","Mus musculus"
"Myo5a-Mus musculus","Myo5a","Mus musculus"
"Myo6-Mus musculus","Myo6","Mus musculus"
"Myorg-Mus musculus","Myorg","Mus musculus"
"Napa-Mus musculus","Napa","Mus musculus"
"Napb-Mus musculus","Napb","Mus musculus"
"Napg-Mus musculus","Napg","Mus musculus"
"Nat14-Mus musculus","Nat14","Mus musculus"
"Nat8l-Mus musculus","Nat8l","Mus musculus"
"Nav1-Mus musculus","Nav1","Mus musculus"
"Nav3-Mus musculus","Nav3","Mus musculus"
"Nbea-Mus musculus","Nbea","Mus musculus"
"Ncam1-Mus musculus","Ncam1","Mus musculus"
"Ncam2-Mus musculus","Ncam2","Mus musculus"
"Ncan-Mus musculus","Ncan","Mus musculus"
"Ncdn-Mus musculus","Ncdn","Mus musculus"
"Nckap1-Mus musculus","Nckap1","Mus musculus"
"Nckap5l-Mus musculus","Nckap5l","Mus musculus"
"Ncl-Mus musculus","Ncl","Mus musculus"
"Ncln-Mus musculus","Ncln","Mus musculus"
"Ndel1-Mus musculus","Ndel1","Mus musculus"
"Ndrg1-Mus musculus","Ndrg1","Mus musculus"
"Ndrg2-Mus musculus","Ndrg2","Mus musculus"
"Ndrg3-Mus musculus","Ndrg3","Mus musculus"
"Ndrg4-Mus musculus","Ndrg4","Mus musculus"
"Nedd4-Mus musculus","Nedd4","Mus musculus"
"Nedd4l-Mus musculus","Nedd4l","Mus musculus"
"Nefh-Mus musculus","Nefh","Mus musculus"
"Nefl-Mus musculus","Nefl","Mus musculus"
"Nefm-Mus musculus","Nefm","Mus musculus"
"Negr1-Mus musculus","Negr1","Mus musculus"
"Neo1-Mus musculus","Neo1","Mus musculus"
"Nes-Mus musculus","Nes","Mus musculus"
"Neto2-Mus musculus","Neto2","Mus musculus"
"Nf1-Mus musculus","Nf1","Mus musculus"
"Nfasc-Mus musculus","Nfasc","Mus musculus"
"Ngef-Mus musculus","Ngef","Mus musculus"
"Nin-Mus musculus","Nin","Mus musculus"
"Nipa1-Mus musculus","Nipa1","Mus musculus"
"Nlgn2-Mus musculus","Nlgn2","Mus musculus"
"Nlgn3-Mus musculus","Nlgn3","Mus musculus"
"Nlgn4l-Mus musculus","Nlgn4l","Mus musculus"
"Nme1-Mus musculus","Nme1","Mus musculus"
"Nme2-Mus musculus","Nme2","Mus musculus"
"Nomo1-Mus musculus","Nomo1","Mus musculus"
"Nos1-Mus musculus","Nos1","Mus musculus"
"Nptn-Mus musculus","Nptn","Mus musculus"
"Nptx1-Mus musculus","Nptx1","Mus musculus"
"Nrcam-Mus musculus","Nrcam","Mus musculus"
"Nrxn1-Mus musculus","Nrxn1","Mus musculus"
"Nrxn2-Mus musculus","Nrxn2","Mus musculus"
"Nrxn3-Mus musculus","Nrxn3","Mus musculus"
"Nsf-Mus musculus","Nsf","Mus musculus"
"Nsg2-Mus musculus","Nsg2","Mus musculus"
"Nsmce4a-Mus musculus","Nsmce4a","Mus musculus"
"Ntm-Mus musculus","Ntm","Mus musculus"
"Ntrk2-Mus musculus","Ntrk2","Mus musculus"
"Ntrk3-Mus musculus","Ntrk3","Mus musculus"
"Numbl-Mus musculus","Numbl","Mus musculus"
"Nwd2-Mus musculus","Nwd2","Mus musculus"
"Oas3-Mus musculus","Oas3","Mus musculus"
"Odr4-Mus musculus","Odr4","Mus musculus"
"Ogt-Mus musculus","Ogt","Mus musculus"
"Olfm1-Mus musculus","Olfm1","Mus musculus"
"Olfm2-Mus musculus","Olfm2","Mus musculus"
"Olfr410-Mus musculus","Olfr410","Mus musculus"
"Olfr923-Mus musculus","Olfr923","Mus musculus"
"Omg-Mus musculus","Omg","Mus musculus"
"Opcml-Mus musculus","Opcml","Mus musculus"
"Ormdl3-Mus musculus","Ormdl3","Mus musculus"
"Osbpl8-Mus musculus","Osbpl8","Mus musculus"
"Ostc-Mus musculus","Ostc","Mus musculus"
"Otub1-Mus musculus","Otub1","Mus musculus"
"Pa2g4-Mus musculus","Pa2g4","Mus musculus"
"Pabpc1-Mus musculus","Pabpc1","Mus musculus"
"Pabpn1-Mus musculus","Pabpn1","Mus musculus"
"Pacs1-Mus musculus","Pacs1","Mus musculus"
"Pafah1b1-Mus musculus","Pafah1b1","Mus musculus"
"Pak6-Mus musculus","Pak6","Mus musculus"
"Pakap-Mus musculus","Pakap","Mus musculus"
"Palm-Mus musculus","Palm","Mus musculus"
"Paqr9-Mus musculus","Paqr9","Mus musculus"
"Parp1-Mus musculus","Parp1","Mus musculus"
"Pcbp1-Mus musculus","Pcbp1","Mus musculus"
"Pcbp2-Mus musculus","Pcbp2","Mus musculus"
"Pcdh1-Mus musculus","Pcdh1","Mus musculus"
"Pcdh10-Mus musculus","Pcdh10","Mus musculus"
"Pcdh17-Mus musculus","Pcdh17","Mus musculus"
"Pcdh7-Mus musculus","Pcdh7","Mus musculus"
"Pcdh9-Mus musculus","Pcdh9","Mus musculus"
"Pcdhgc5-Mus musculus","Pcdhgc5","Mus musculus"
"Pclo-Mus musculus","Pclo","Mus musculus"
"Pcyox1l-Mus musculus","Pcyox1l","Mus musculus"
"Pdcd6ip-Mus musculus","Pdcd6ip","Mus musculus"
"Pde2a-Mus musculus","Pde2a","Mus musculus"
"Pde4b-Mus musculus","Pde4b","Mus musculus"
"Pde4dip-Mus musculus","Pde4dip","Mus musculus"
"Pdia3-Mus musculus","Pdia3","Mus musculus"
"Pdia6-Mus musculus","Pdia6","Mus musculus"
"Pdxdc1-Mus musculus","Pdxdc1","Mus musculus"
"Pelp1-Mus musculus","Pelp1","Mus musculus"
"Pex12-Mus musculus","Pex12","Mus musculus"
"Pex14-Mus musculus","Pex14","Mus musculus"
"Pex16-Mus musculus","Pex16","Mus musculus"
"Pex3-Mus musculus","Pex3","Mus musculus"
"Pfkl-Mus musculus","Pfkl","Mus musculus"
"Pfkm-Mus musculus","Pfkm","Mus musculus"
"Pfkp-Mus musculus","Pfkp","Mus musculus"
"Pfn2-Mus musculus","Pfn2","Mus musculus"
"Pgap1-Mus musculus","Pgap1","Mus musculus"
"Pgm2l1-Mus musculus","Pgm2l1","Mus musculus"
"Pgrmc1-Mus musculus","Pgrmc1","Mus musculus"
"Pgrmc2-Mus musculus","Pgrmc2","Mus musculus"
"Phactr1-Mus musculus","Phactr1","Mus musculus"
"Phf24-Mus musculus","Phf24","Mus musculus"
"Phgdh-Mus musculus","Phgdh","Mus musculus"
"Picalm-Mus musculus","Picalm","Mus musculus"
"Pigk-Mus musculus","Pigk","Mus musculus"
"Pign-Mus musculus","Pign","Mus musculus"
"Pigs-Mus musculus","Pigs","Mus musculus"
"Pigt-Mus musculus","Pigt","Mus musculus"
"Pip4k2b-Mus musculus","Pip4k2b","Mus musculus"
"Pitpna-Mus musculus","Pitpna","Mus musculus"
"Pitpnb-Mus musculus","Pitpnb","Mus musculus"
"Pitpnc1-Mus musculus","Pitpnc1","Mus musculus"
"Pitpnm1-Mus musculus","Pitpnm1","Mus musculus"
"Pitpnm2-Mus musculus","Pitpnm2","Mus musculus"
"Pkm-Mus musculus","Pkm","Mus musculus"
"Pkp4-Mus musculus","Pkp4","Mus musculus"
"Pld2-Mus musculus","Pld2","Mus musculus"
"Pld3-Mus musculus","Pld3","Mus musculus"
"Plec-Mus musculus","Plec","Mus musculus"
"Plekha5-Mus musculus","Plekha5","Mus musculus"
"Plekha6-Mus musculus","Plekha6","Mus musculus"
"Plp1-Mus musculus","Plp1","Mus musculus"
"Plpp3-Mus musculus","Plpp3","Mus musculus"
"Plppr2-Mus musculus","Plppr2","Mus musculus"
"Plppr3-Mus musculus","Plppr3","Mus musculus"
"Plppr4-Mus musculus","Plppr4","Mus musculus"
"Plxna1-Mus musculus","Plxna1","Mus musculus"
"Plxna3-Mus musculus","Plxna3","Mus musculus"
"Plxna4-Mus musculus","Plxna4","Mus musculus"
"Plxnb1-Mus musculus","Plxnb1","Mus musculus"
"Pnpla6-Mus musculus","Pnpla6","Mus musculus"
"Poc1a-Mus musculus","Poc1a","Mus musculus"
"Pomgnt2-Mus musculus","Pomgnt2","Mus musculus"
"Ppa1-Mus musculus","Ppa1","Mus musculus"
"Ppfia2-Mus musculus","Ppfia2","Mus musculus"
"Ppfia3-Mus musculus","Ppfia3","Mus musculus"
"Ppfia4-Mus musculus","Ppfia4","Mus musculus"
"Ppib-Mus musculus","Ppib","Mus musculus"
"Ppp1ca-Mus musculus","Ppp1ca","Mus musculus"
"Ppp1cb-Mus musculus","Ppp1cb","Mus musculus"
"Ppp1cc-Mus musculus","Ppp1cc","Mus musculus"
"Ppp1r21-Mus musculus","Ppp1r21","Mus musculus"
"Ppp1r9a-Mus musculus","Ppp1r9a","Mus musculus"
"Ppp1r9b-Mus musculus","Ppp1r9b","Mus musculus"
"Ppp2cb-Mus musculus","Ppp2cb","Mus musculus"
"Ppp2r1a-Mus musculus","Ppp2r1a","Mus musculus"
"Ppp2r2a-Mus musculus","Ppp2r2a","Mus musculus"
"Ppp2r2c-Mus musculus","Ppp2r2c","Mus musculus"
"Ppp2r5b-Mus musculus","Ppp2r5b","Mus musculus"
"Ppp2r5d-Mus musculus","Ppp2r5d","Mus musculus"
"Ppp2r5e-Mus musculus","Ppp2r5e","Mus musculus"
"Ppp3ca-Mus musculus","Ppp3ca","Mus musculus"
"Ppp3cb-Mus musculus","Ppp3cb","Mus musculus"
"Prdx1-Mus musculus","Prdx1","Mus musculus"
"Preb-Mus musculus","Preb","Mus musculus"
"Prickle2-Mus musculus","Prickle2","Mus musculus"
"Prkaca-Mus musculus","Prkaca","Mus musculus"
"Prkacb-Mus musculus","Prkacb","Mus musculus"
"Prkar1a-Mus musculus","Prkar1a","Mus musculus"
"Prkar1b-Mus musculus","Prkar1b","Mus musculus"
"Prkar2b-Mus musculus","Prkar2b","Mus musculus"
"Prkcb-Mus musculus","Prkcb","Mus musculus"
"Prkce-Mus musculus","Prkce","Mus musculus"
"Prkcg-Mus musculus","Prkcg","Mus musculus"
"Prkra-Mus musculus","Prkra","Mus musculus"
"Prmt1-Mus musculus","Prmt1","Mus musculus"
"Prmt8-Mus musculus","Prmt8","Mus musculus"
"Prnp-Mus musculus","Prnp","Mus musculus"
"Prpf40b-Mus musculus","Prpf40b","Mus musculus"
"Prr36-Mus musculus","Prr36","Mus musculus"
"Prr7-Mus musculus","Prr7","Mus musculus"
"Prrt1-Mus musculus","Prrt1","Mus musculus"
"Prrt2-Mus musculus","Prrt2","Mus musculus"
"Prrt3-Mus musculus","Prrt3","Mus musculus"
"Prxl2b-Mus musculus","Prxl2b","Mus musculus"
"Psd-Mus musculus","Psd","Mus musculus"
"Psd3-Mus musculus","Psd3","Mus musculus"
"Psip1-Mus musculus","Psip1","Mus musculus"
"Psmc1-Mus musculus","Psmc1","Mus musculus"
"Psmc5-Mus musculus","Psmc5","Mus musculus"
"Psmd11-Mus musculus","Psmd11","Mus musculus"
"Psmd2-Mus musculus","Psmd2","Mus musculus"
"Pspc1-Mus musculus","Pspc1","Mus musculus"
"Ptdss1-Mus musculus","Ptdss1","Mus musculus"
"Ptk2b-Mus musculus","Ptk2b","Mus musculus"
"Ptma-Mus musculus","Ptma","Mus musculus"
"Ptp4a2-Mus musculus","Ptp4a2","Mus musculus"
"Ptpn1-Mus musculus","Ptpn1","Mus musculus"
"Ptpn2-Mus musculus","Ptpn2","Mus musculus"
"Ptpra-Mus musculus","Ptpra","Mus musculus"
"Ptprd-Mus musculus","Ptprd","Mus musculus"
"Ptprs-Mus musculus","Ptprs","Mus musculus"
"Ptprz1-Mus musculus","Ptprz1","Mus musculus"
"Pura-Mus musculus","Pura","Mus musculus"
"Purb-Mus musculus","Purb","Mus musculus"
"Qars-Mus musculus","Qars","Mus musculus"
"Rab10-Mus musculus","Rab10","Mus musculus"
"Rab11a-Mus musculus","Rab11a","Mus musculus"
"Rab11fip2-Mus musculus","Rab11fip2","Mus musculus"
"Rab12-Mus musculus","Rab12","Mus musculus"
"Rab14-Mus musculus","Rab14","Mus musculus"
"Rab18-Mus musculus","Rab18","Mus musculus"
"Rab1a-Mus musculus","Rab1a","Mus musculus"
"Rab1b-Mus musculus","Rab1b","Mus musculus"
"Rab21-Mus musculus","Rab21","Mus musculus"
"Rab2a-Mus musculus","Rab2a","Mus musculus"
"Rab2b-Mus musculus","Rab2b","Mus musculus"
"Rab33b-Mus musculus","Rab33b","Mus musculus"
"Rab39-Mus musculus","Rab39","Mus musculus"
"Rab39b-Mus musculus","Rab39b","Mus musculus"
"Rab3a-Mus musculus","Rab3a","Mus musculus"
"Rab3b-Mus musculus","Rab3b","Mus musculus"
"Rab3c-Mus musculus","Rab3c","Mus musculus"
"Rab3d-Mus musculus","Rab3d","Mus musculus"
"Rab3gap2-Mus musculus","Rab3gap2","Mus musculus"
"Rab5a-Mus musculus","Rab5a","Mus musculus"
"Rab5b-Mus musculus","Rab5b","Mus musculus"
"Rab5c-Mus musculus","Rab5c","Mus musculus"
"Rab6a-Mus musculus","Rab6a","Mus musculus"
"Rab6b-Mus musculus","Rab6b","Mus musculus"
"Rab7-Mus musculus","Rab7","Mus musculus"
"Rab8a-Mus musculus","Rab8a","Mus musculus"
"Rab8b-Mus musculus","Rab8b","Mus musculus"
"Rac1-Mus musculus","Rac1","Mus musculus"
"Rac3-Mus musculus","Rac3","Mus musculus"
"Radil-Mus musculus","Radil","Mus musculus"
"Rala-Mus musculus","Rala","Mus musculus"
"Ralb-Mus musculus","Ralb","Mus musculus"
"Ran-Mus musculus","Ran","Mus musculus"
"Rap1a-Mus musculus","Rap1a","Mus musculus"
"Rap1gds1-Mus musculus","Rap1gds1","Mus musculus"
"Rap2a-Mus musculus","Rap2a","Mus musculus"
"Rapgef2-Mus musculus","Rapgef2","Mus musculus"
"Rapgef4-Mus musculus","Rapgef4","Mus musculus"
"Rapgef5-Mus musculus","Rapgef5","Mus musculus"
"Raph1-Mus musculus","Raph1","Mus musculus"
"Rasal2-Mus musculus","Rasal2","Mus musculus"
"Rasgrf2-Mus musculus","Rasgrf2","Mus musculus"
"Rasgrp2-Mus musculus","Rasgrp2","Mus musculus"
"Rbm14-Mus musculus","Rbm14","Mus musculus"
"Rbmx-Mus musculus","Rbmx","Mus musculus"
"Rbx1-Mus musculus","Rbx1","Mus musculus"
"Rcc2-Mus musculus","Rcc2","Mus musculus"
"Reep1-Mus musculus","Reep1","Mus musculus"
"Reep2-Mus musculus","Reep2","Mus musculus"
"Reep5-Mus musculus","Reep5","Mus musculus"
"Reln-Mus musculus","Reln","Mus musculus"
"Rer1-Mus musculus","Rer1","Mus musculus"
"Rftn2-Mus musculus","Rftn2","Mus musculus"
"Rgma-Mus musculus","Rgma","Mus musculus"
"Rgs17-Mus musculus","Rgs17","Mus musculus"
"Rgs20-Mus musculus","Rgs20","Mus musculus"
"Rgs7-Mus musculus","Rgs7","Mus musculus"
"Rgs7bp-Mus musculus","Rgs7bp","Mus musculus"
"Rhoa-Mus musculus","Rhoa","Mus musculus"
"Rhob-Mus musculus","Rhob","Mus musculus"
"Rhof-Mus musculus","Rhof","Mus musculus"
"Rhog-Mus musculus","Rhog","Mus musculus"
"Rimbp2-Mus musculus","Rimbp2","Mus musculus"
"Rims1-Mus musculus","Rims1","Mus musculus"
"Rims2-Mus musculus","Rims2","Mus musculus"
"Rnf214-Mus musculus","Rnf214","Mus musculus"
"Robo2-Mus musculus","Robo2","Mus musculus"
"Rogdi-Mus musculus","Rogdi","Mus musculus"
"Rph3a-Mus musculus","Rph3a","Mus musculus"
"Rpl10-Mus musculus","Rpl10","Mus musculus"
"Rpl11-Mus musculus","Rpl11","Mus musculus"
"Rpl12-Mus musculus","Rpl12","Mus musculus"
"Rpl13-Mus musculus","Rpl13","Mus musculus"
"Rpl13a-Mus musculus","Rpl13a","Mus musculus"
"Rpl14-Mus musculus","Rpl14","Mus musculus"
"Rpl15-Mus musculus","Rpl15","Mus musculus"
"Rpl17-Mus musculus","Rpl17","Mus musculus"
"Rpl18-Mus musculus","Rpl18","Mus musculus"
"Rpl18a-Mus musculus","Rpl18a","Mus musculus"
"Rpl19-Mus musculus","Rpl19","Mus musculus"
"Rpl21-Mus musculus","Rpl21","Mus musculus"
"Rpl22-Mus musculus","Rpl22","Mus musculus"
"Rpl23-Mus musculus","Rpl23","Mus musculus"
"Rpl23a-Mus musculus","Rpl23a","Mus musculus"
"Rpl24-Mus musculus","Rpl24","Mus musculus"
"Rpl26-Mus musculus","Rpl26","Mus musculus"
"Rpl27-Mus musculus","Rpl27","Mus musculus"
"Rpl27a-Mus musculus","Rpl27a","Mus musculus"
"Rpl28-Mus musculus","Rpl28","Mus musculus"
"Rpl29-Mus musculus","Rpl29","Mus musculus"
"Rpl3-Mus musculus","Rpl3","Mus musculus"
"Rpl30-Mus musculus","Rpl30","Mus musculus"
"Rpl31-Mus musculus","Rpl31","Mus musculus"
"Rpl32-Mus musculus","Rpl32","Mus musculus"
"Rpl35-Mus musculus","Rpl35","Mus musculus"
"Rpl36a-Mus musculus","Rpl36a","Mus musculus"
"Rpl38-Mus musculus","Rpl38","Mus musculus"
"Rpl4-Mus musculus","Rpl4","Mus musculus"
"Rpl5-Mus musculus","Rpl5","Mus musculus"
"Rpl6-Mus musculus","Rpl6","Mus musculus"
"Rpl7-Mus musculus","Rpl7","Mus musculus"
"Rpl7a-Mus musculus","Rpl7a","Mus musculus"
"Rpl8-Mus musculus","Rpl8","Mus musculus"
"Rpl9-Mus musculus","Rpl9","Mus musculus"
"Rplp0-Mus musculus","Rplp0","Mus musculus"
"Rplp1-Mus musculus","Rplp1","Mus musculus"
"Rplp2-Mus musculus","Rplp2","Mus musculus"
"Rpn1-Mus musculus","Rpn1","Mus musculus"
"Rpn2-Mus musculus","Rpn2","Mus musculus"
"Rps10-Mus musculus","Rps10","Mus musculus"
"Rps11-Mus musculus","Rps11","Mus musculus"
"Rps13-Mus musculus","Rps13","Mus musculus"
"Rps16-Mus musculus","Rps16","Mus musculus"
"Rps17-Mus musculus","Rps17","Mus musculus"
"Rps19-Mus musculus","Rps19","Mus musculus"
"Rps2-Mus musculus","Rps2","Mus musculus"
"Rps20-Mus musculus","Rps20","Mus musculus"
"Rps23-Mus musculus","Rps23","Mus musculus"
"Rps25-Mus musculus","Rps25","Mus musculus"
"Rps3-Mus musculus","Rps3","Mus musculus"
"Rps3a1-Mus musculus","Rps3a1","Mus musculus"
"Rps4x-Mus musculus","Rps4x","Mus musculus"
"Rps5-Mus musculus","Rps5","Mus musculus"
"Rps6-Mus musculus","Rps6","Mus musculus"
"Rps7-Mus musculus","Rps7","Mus musculus"
"Rps8-Mus musculus","Rps8","Mus musculus"
"Rps9-Mus musculus","Rps9","Mus musculus"
"Rpsa-Mus musculus","Rpsa","Mus musculus"
"Rras2-Mus musculus","Rras2","Mus musculus"
"Rrbp1-Mus musculus","Rrbp1","Mus musculus"
"Rtcb-Mus musculus","Rtcb","Mus musculus"
"Rtl8a-Mus musculus","Rtl8a","Mus musculus"
"Rtn1-Mus musculus","Rtn1","Mus musculus"
"Rtn3-Mus musculus","Rtn3","Mus musculus"
"Rtn4-Mus musculus","Rtn4","Mus musculus"
"Rtn4rl2-Mus musculus","Rtn4rl2","Mus musculus"
"Rtraf-Mus musculus","Rtraf","Mus musculus"
"Rufy3-Mus musculus","Rufy3","Mus musculus"
"Ruvbl2-Mus musculus","Ruvbl2","Mus musculus"
"Ryr2-Mus musculus","Ryr2","Mus musculus"
"S1pr1-Mus musculus","S1pr1","Mus musculus"
"Sacm1l-Mus musculus","Sacm1l","Mus musculus"
"Sacs-Mus musculus","Sacs","Mus musculus"
"Sarm1-Mus musculus","Sarm1","Mus musculus"
"Satb2-Mus musculus","Satb2","Mus musculus"
"Sbf1-Mus musculus","Sbf1","Mus musculus"
"Scai-Mus musculus","Scai","Mus musculus"
"Scamp1-Mus musculus","Scamp1","Mus musculus"
"Scfd1-Mus musculus","Scfd1","Mus musculus"
"Scn1a-Mus musculus","Scn1a","Mus musculus"
"Scn1b-Mus musculus","Scn1b","Mus musculus"
"Scn2a-Mus musculus","Scn2a","Mus musculus"
"Scn2b-Mus musculus","Scn2b","Mus musculus"
"Scn3a-Mus musculus","Scn3a","Mus musculus"
"Scn8a-Mus musculus","Scn8a","Mus musculus"
"Scrib-Mus musculus","Scrib","Mus musculus"
"Scyl2-Mus musculus","Scyl2","Mus musculus"
"Sdc3-Mus musculus","Sdc3","Mus musculus"
"Sdk2-Mus musculus","Sdk2","Mus musculus"
"Sec16a-Mus musculus","Sec16a","Mus musculus"
"Sec22b-Mus musculus","Sec22b","Mus musculus"
"Sec23a-Mus musculus","Sec23a","Mus musculus"
"Sec24b-Mus musculus","Sec24b","Mus musculus"
"Sec24c-Mus musculus","Sec24c","Mus musculus"
"Sec31a-Mus musculus","Sec31a","Mus musculus"
"Sec61a1-Mus musculus","Sec61a1","Mus musculus"
"Sec61a2-Mus musculus","Sec61a2","Mus musculus"
"Sec61b-Mus musculus","Sec61b","Mus musculus"
"Sec62-Mus musculus","Sec62","Mus musculus"
"Sec63-Mus musculus","Sec63","Mus musculus"
"Sel1l-Mus musculus","Sel1l","Mus musculus"
"Sema7a-Mus musculus","Sema7a","Mus musculus"
"Septin11-Mus musculus","Septin11","Mus musculus"
"Septin2-Mus musculus","Septin2","Mus musculus"
"Septin3-Mus musculus","Septin3","Mus musculus"
"Septin5-Mus musculus","Septin5","Mus musculus"
"Septin6-Mus musculus","Septin6","Mus musculus"
"Septin7-Mus musculus","Septin7","Mus musculus"
"Septin8-Mus musculus","Septin8","Mus musculus"
"Septin9-Mus musculus","Septin9","Mus musculus"
"Serbp1-Mus musculus","Serbp1","Mus musculus"
"Serpinb3d-Mus musculus","Serpinb3d","Mus musculus"
"Serpinh1-Mus musculus","Serpinh1","Mus musculus"
"Sestd1-Mus musculus","Sestd1","Mus musculus"
"Set-Mus musculus","Set","Mus musculus"
"Sfn-Mus musculus","Sfn","Mus musculus"
"Sfpq-Mus musculus","Sfpq","Mus musculus"
"Sgip1-Mus musculus","Sgip1","Mus musculus"
"Sgpl1-Mus musculus","Sgpl1","Mus musculus"
"Sh3gl2-Mus musculus","Sh3gl2","Mus musculus"
"Sh3glb2-Mus musculus","Sh3glb2","Mus musculus"
"Sh3kbp1-Mus musculus","Sh3kbp1","Mus musculus"
"Shank1-Mus musculus","Shank1","Mus musculus"
"Shank2-Mus musculus","Shank2","Mus musculus"
"Shank3-Mus musculus","Shank3","Mus musculus"
"Shisa6-Mus musculus","Shisa6","Mus musculus"
"Shisa7-Mus musculus","Shisa7","Mus musculus"
"Shisa9-Mus musculus","Shisa9","Mus musculus"
"Shoc2-Mus musculus","Shoc2","Mus musculus"
"Sipa1l1-Mus musculus","Sipa1l1","Mus musculus"
"Sirpa-Mus musculus","Sirpa","Mus musculus"
"Skp1-Mus musculus","Skp1","Mus musculus"
"Skp2-Mus musculus","Skp2","Mus musculus"
"Slain2-Mus musculus","Slain2","Mus musculus"
"Slc12a2-Mus musculus","Slc12a2","Mus musculus"
"Slc12a5-Mus musculus","Slc12a5","Mus musculus"
"Slc17a7-Mus musculus","Slc17a7","Mus musculus"
"Slc1a2-Mus musculus","Slc1a2","Mus musculus"
"Slc1a3-Mus musculus","Slc1a3","Mus musculus"
"Slc24a3-Mus musculus","Slc24a3","Mus musculus"
"Slc27a1-Mus musculus","Slc27a1","Mus musculus"
"Slc27a4-Mus musculus","Slc27a4","Mus musculus"
"Slc2a1-Mus musculus","Slc2a1","Mus musculus"
"Slc2a3-Mus musculus","Slc2a3","Mus musculus"
"Slc30a3-Mus musculus","Slc30a3","Mus musculus"
"Slc30a5-Mus musculus","Slc30a5","Mus musculus"
"Slc32a1-Mus musculus","Slc32a1","Mus musculus"
"Slc35a2-Mus musculus","Slc35a2","Mus musculus"
"Slc35b2-Mus musculus","Slc35b2","Mus musculus"
"Slc35f1-Mus musculus","Slc35f1","Mus musculus"
"Slc38a3-Mus musculus","Slc38a3","Mus musculus"
"Slc39a10-Mus musculus","Slc39a10","Mus musculus"
"Slc39a7-Mus musculus","Slc39a7","Mus musculus"
"Slc3a2-Mus musculus","Slc3a2","Mus musculus"
"Slc4a10-Mus musculus","Slc4a10","Mus musculus"
"Slc4a4-Mus musculus","Slc4a4","Mus musculus"
"Slc4a7-Mus musculus","Slc4a7","Mus musculus"
"Slc4a8-Mus musculus","Slc4a8","Mus musculus"
"Slc6a1-Mus musculus","Slc6a1","Mus musculus"
"Slc6a11-Mus musculus","Slc6a11","Mus musculus"
"Slc8a1-Mus musculus","Slc8a1","Mus musculus"
"Slc8a2-Mus musculus","Slc8a2","Mus musculus"
"Slc9a3r1-Mus musculus","Slc9a3r1","Mus musculus"
"Slmap-Mus musculus","Slmap","Mus musculus"
"Sltm-Mus musculus","Sltm","Mus musculus"
"Smap1-Mus musculus","Smap1","Mus musculus"
"Smarcc2-Mus musculus","Smarcc2","Mus musculus"
"Smc3-Mus musculus","Smc3","Mus musculus"
"Smim26-Mus musculus","Smim26","Mus musculus"
"Smpd3-Mus musculus","Smpd3","Mus musculus"
"Snap25-Mus musculus","Snap25","Mus musculus"
"Snap47-Mus musculus","Snap47","Mus musculus"
"Snap91-Mus musculus","Snap91","Mus musculus"
"Snapin-Mus musculus","Snapin","Mus musculus"
"Snph-Mus musculus","Snph","Mus musculus"
"Sntb1-Mus musculus","Sntb1","Mus musculus"
"Soga1-Mus musculus","Soga1","Mus musculus"
"Soga3-Mus musculus","Soga3","Mus musculus"
"Sorbs1-Mus musculus","Sorbs1","Mus musculus"
"Sorbs2-Mus musculus","Sorbs2","Mus musculus"
"Sorcs2-Mus musculus","Sorcs2","Mus musculus"
"Spcs2-Mus musculus","Spcs2","Mus musculus"
"Specc1-Mus musculus","Specc1","Mus musculus"
"Sphkap-Mus musculus","Sphkap","Mus musculus"
"Spred1-Mus musculus","Spred1","Mus musculus"
"Spta1-Mus musculus","Spta1","Mus musculus"
"Sptan1-Mus musculus","Sptan1","Mus musculus"
"Sptb-Mus musculus","Sptb","Mus musculus"
"Sptbn1-Mus musculus","Sptbn1","Mus musculus"
"Sptbn2-Mus musculus","Sptbn2","Mus musculus"
"Sptbn4-Mus musculus","Sptbn4","Mus musculus"
"Sqle-Mus musculus","Sqle","Mus musculus"
"Src-Mus musculus","Src","Mus musculus"
"Srcin1-Mus musculus","Srcin1","Mus musculus"
"Srebf2-Mus musculus","Srebf2","Mus musculus"
"Srgap2-Mus musculus","Srgap2","Mus musculus"
"Srgap3-Mus musculus","Srgap3","Mus musculus"
"Srpr-Mus musculus","Srpr","Mus musculus"
"Srprb-Mus musculus","Srprb","Mus musculus"
"Ssr1-Mus musculus","Ssr1","Mus musculus"
"Ssr3-Mus musculus","Ssr3","Mus musculus"
"Ssr4-Mus musculus","Ssr4","Mus musculus"
"Stim1-Mus musculus","Stim1","Mus musculus"
"Stim2-Mus musculus","Stim2","Mus musculus"
"Stmn2-Mus musculus","Stmn2","Mus musculus"
"Stmn3-Mus musculus","Stmn3","Mus musculus"
"Strn-Mus musculus","Strn","Mus musculus"
"Strn3-Mus musculus","Strn3","Mus musculus"
"Strn4-Mus musculus","Strn4","Mus musculus"
"Stt3a-Mus musculus","Stt3a","Mus musculus"
"Stt3b-Mus musculus","Stt3b","Mus musculus"
"Stum-Mus musculus","Stum","Mus musculus"
"Stx12-Mus musculus","Stx12","Mus musculus"
"Stx16-Mus musculus","Stx16","Mus musculus"
"Stx1a-Mus musculus","Stx1a","Mus musculus"
"Stx1b-Mus musculus","Stx1b","Mus musculus"
"Stx5a-Mus musculus","Stx5a","Mus musculus"
"Stx7-Mus musculus","Stx7","Mus musculus"
"Stxbp1-Mus musculus","Stxbp1","Mus musculus"
"Stxbp5-Mus musculus","Stxbp5","Mus musculus"
"Stxbp5l-Mus musculus","Stxbp5l","Mus musculus"
"Sult4a1-Mus musculus","Sult4a1","Mus musculus"
"Sv2a-Mus musculus","Sv2a","Mus musculus"
"Sv2b-Mus musculus","Sv2b","Mus musculus"
"Sybu-Mus musculus","Sybu","Mus musculus"
"Syn1-Mus musculus","Syn1","Mus musculus"
"Syn2-Mus musculus","Syn2","Mus musculus"
"Syn3-Mus musculus","Syn3","Mus musculus"
"Syncrip-Mus musculus","Syncrip","Mus musculus"
"Syne1-Mus musculus","Syne1","Mus musculus"
"Syne2-Mus musculus","Syne2","Mus musculus"
"Syngap1-Mus musculus","Syngap1","Mus musculus"
"Syngr1-Mus musculus","Syngr1","Mus musculus"
"Syngr3-Mus musculus","Syngr3","Mus musculus"
"Synj1-Mus musculus","Synj1","Mus musculus"
"Synpo-Mus musculus","Synpo","Mus musculus"
"Syp-Mus musculus","Syp","Mus musculus"
"Syt1-Mus musculus","Syt1","Mus musculus"
"Syt2-Mus musculus","Syt2","Mus musculus"
"Syt3-Mus musculus","Syt3","Mus musculus"
"Syt5-Mus musculus","Syt5","Mus musculus"
"Syt7-Mus musculus","Syt7","Mus musculus"
"Taf1-Mus musculus","Taf1","Mus musculus"
"Tagln3-Mus musculus","Tagln3","Mus musculus"
"Tamalin-Mus musculus","Tamalin","Mus musculus"
"Tanc2-Mus musculus","Tanc2","Mus musculus"
"Taok2-Mus musculus","Taok2","Mus musculus"
"Tapt1-Mus musculus","Tapt1","Mus musculus"
"Tarsl2-Mus musculus","Tarsl2","Mus musculus"
"Tbc1d10b-Mus musculus","Tbc1d10b","Mus musculus"
"Tbc1d24-Mus musculus","Tbc1d24","Mus musculus"
"Tbc1d8-Mus musculus","Tbc1d8","Mus musculus"
"Tbl2-Mus musculus","Tbl2","Mus musculus"
"Tcp1-Mus musculus","Tcp1","Mus musculus"
"Tecr-Mus musculus","Tecr","Mus musculus"
"Tenm1-Mus musculus","Tenm1","Mus musculus"
"Tenm2-Mus musculus","Tenm2","Mus musculus"
"Tenm3-Mus musculus","Tenm3","Mus musculus"
"Tenm4-Mus musculus","Tenm4","Mus musculus"
"Tfrc-Mus musculus","Tfrc","Mus musculus"
"Them6-Mus musculus","Them6","Mus musculus"
"Thy1-Mus musculus","Thy1","Mus musculus"
"Tjp1-Mus musculus","Tjp1","Mus musculus"
"Tjp2-Mus musculus","Tjp2","Mus musculus"
"Tlcd3b-Mus musculus","Tlcd3b","Mus musculus"
"Tln2-Mus musculus","Tln2","Mus musculus"
"Tm9sf3-Mus musculus","Tm9sf3","Mus musculus"
"Tm9sf4-Mus musculus","Tm9sf4","Mus musculus"
"Tmco1-Mus musculus","Tmco1","Mus musculus"
"Tmed10-Mus musculus","Tmed10","Mus musculus"
"Tmed9-Mus musculus","Tmed9","Mus musculus"
"Tmeff1-Mus musculus","Tmeff1","Mus musculus"
"Tmem109-Mus musculus","Tmem109","Mus musculus"
"Tmem120a-Mus musculus","Tmem120a","Mus musculus"
"Tmem121b-Mus musculus","Tmem121b","Mus musculus"
"Tmem132a-Mus musculus","Tmem132a","Mus musculus"
"Tmem132b-Mus musculus","Tmem132b","Mus musculus"
"Tmem214-Mus musculus","Tmem214","Mus musculus"
"Tmem237-Mus musculus","Tmem237","Mus musculus"
"Tmem259-Mus musculus","Tmem259","Mus musculus"
"Tmem30a-Mus musculus","Tmem30a","Mus musculus"
"Tmem33-Mus musculus","Tmem33","Mus musculus"
"Tmem35a-Mus musculus","Tmem35a","Mus musculus"
"Tmem43-Mus musculus","Tmem43","Mus musculus"
"Tmem47-Mus musculus","Tmem47","Mus musculus"
"Tmem63b-Mus musculus","Tmem63b","Mus musculus"
"Tmod1-Mus musculus","Tmod1","Mus musculus"
"Tmod2-Mus musculus","Tmod2","Mus musculus"
"Tmpo-Mus musculus","Tmpo","Mus musculus"
"Tmx1-Mus musculus","Tmx1","Mus musculus"
"Tmx2-Mus musculus","Tmx2","Mus musculus"
"Tmx4-Mus musculus","Tmx4","Mus musculus"
"Tnc-Mus musculus","Tnc","Mus musculus"
"Tnik-Mus musculus","Tnik","Mus musculus"
"Tnpo1-Mus musculus","Tnpo1","Mus musculus"
"Tnr-Mus musculus","Tnr","Mus musculus"
"Tns1-Mus musculus","Tns1","Mus musculus"
"Top1-Mus musculus","Top1","Mus musculus"
"Top2b-Mus musculus","Top2b","Mus musculus"
"Tpm3-rs7-Mus musculus","Tpm3-rs7","Mus musculus"
"Tppp-Mus musculus","Tppp","Mus musculus"
"Trabd-Mus musculus","Trabd","Mus musculus"
"Traf3-Mus musculus","Traf3","Mus musculus"
"Trak1-Mus musculus","Trak1","Mus musculus"
"Trappc10-Mus musculus","Trappc10","Mus musculus"
"Trappc9-Mus musculus","Trappc9","Mus musculus"
"Trim2-Mus musculus","Trim2","Mus musculus"
"Trim28-Mus musculus","Trim28","Mus musculus"
"Trim3-Mus musculus","Trim3","Mus musculus"
"Trim32-Mus musculus","Trim32","Mus musculus"
"Trim46-Mus musculus","Trim46","Mus musculus"
"Trim67-Mus musculus","Trim67","Mus musculus"
"Trim9-Mus musculus","Trim9","Mus musculus"
"Trio-Mus musculus","Trio","Mus musculus"
"Trp53i11-Mus musculus","Trp53i11","Mus musculus"
"Trpm3-Mus musculus","Trpm3","Mus musculus"
"Trpv2-Mus musculus","Trpv2","Mus musculus"
"Try10-Mus musculus","Try10","Mus musculus"
"Tsg101-Mus musculus","Tsg101","Mus musculus"
"Ttc3-Mus musculus","Ttc3","Mus musculus"
"Ttc7b-Mus musculus","Ttc7b","Mus musculus"
"Ttc9b-Mus musculus","Ttc9b","Mus musculus"
"Ttn-Mus musculus","Ttn","Mus musculus"
"Ttyh1-Mus musculus","Ttyh1","Mus musculus"
"Ttyh3-Mus musculus","Ttyh3","Mus musculus"
"Tuba1a-Mus musculus","Tuba1a","Mus musculus"
"Tuba1b-Mus musculus","Tuba1b","Mus musculus"
"Tuba4a-Mus musculus","Tuba4a","Mus musculus"
"Tubal3-Mus musculus","Tubal3","Mus musculus"
"Tubb2a-Mus musculus","Tubb2a","Mus musculus"
"Tubb2b-Mus musculus","Tubb2b","Mus musculus"
"Tubb4a-Mus musculus","Tubb4a","Mus musculus"
"Tubb4b-Mus musculus","Tubb4b","Mus musculus"
"Tubb5-Mus musculus","Tubb5","Mus musculus"
"Tubgcp3-Mus musculus","Tubgcp3","Mus musculus"
"Tusc3-Mus musculus","Tusc3","Mus musculus"
"Twf2-Mus musculus","Twf2","Mus musculus"
"Uba1-Mus musculus","Uba1","Mus musculus"
"Ubc-Mus musculus","Ubc","Mus musculus"
"Ube2n-Mus musculus","Ube2n","Mus musculus"
"Ube2v1-Mus musculus","Ube2v1","Mus musculus"
"Ubr4-Mus musculus","Ubr4","Mus musculus"
"Ubxn4-Mus musculus","Ubxn4","Mus musculus"
"Ufl1-Mus musculus","Ufl1","Mus musculus"
"Ufsp2-Mus musculus","Ufsp2","Mus musculus"
"Ugt8a-Mus musculus","Ugt8a","Mus musculus"
"Unc13a-Mus musculus","Unc13a","Mus musculus"
"Unc5a-Mus musculus","Unc5a","Mus musculus"
"Upf1-Mus musculus","Upf1","Mus musculus"
"Uso1-Mus musculus","Uso1","Mus musculus"
"Usp30-Mus musculus","Usp30","Mus musculus"
"Usp5-Mus musculus","Usp5","Mus musculus"
"Usp9x-Mus musculus","Usp9x","Mus musculus"
"Utrn-Mus musculus","Utrn","Mus musculus"
"Vac14-Mus musculus","Vac14","Mus musculus"
"Vamp2-Mus musculus","Vamp2","Mus musculus"
"Vangl2-Mus musculus","Vangl2","Mus musculus"
"Vapa-Mus musculus","Vapa","Mus musculus"
"Vapb-Mus musculus","Vapb","Mus musculus"
"Vars-Mus musculus","Vars","Mus musculus"
"Vat1-Mus musculus","Vat1","Mus musculus"
"Vcan-Mus musculus","Vcan","Mus musculus"
"Vcp-Mus musculus","Vcp","Mus musculus"
"Vezt-Mus musculus","Vezt","Mus musculus"
"Vim-Mus musculus","Vim","Mus musculus"
"Vmn2r85-Mus musculus","Vmn2r85","Mus musculus"
"Vps11-Mus musculus","Vps11","Mus musculus"
"Vps13a-Mus musculus","Vps13a","Mus musculus"
"Vps13d-Mus musculus","Vps13d","Mus musculus"
"Vps16-Mus musculus","Vps16","Mus musculus"
"Vps18-Mus musculus","Vps18","Mus musculus"
"Vps35-Mus musculus","Vps35","Mus musculus"
"Vps45-Mus musculus","Vps45","Mus musculus"
"Vps51-Mus musculus","Vps51","Mus musculus"
"Vps52-Mus musculus","Vps52","Mus musculus"
"Vsnl1-Mus musculus","Vsnl1","Mus musculus"
"Vti1b-Mus musculus","Vti1b","Mus musculus"
"Wasf1-Mus musculus","Wasf1","Mus musculus"
"Wasf3-Mus musculus","Wasf3","Mus musculus"
"Wdr37-Mus musculus","Wdr37","Mus musculus"
"Wdr47-Mus musculus","Wdr47","Mus musculus"
"Wdr7-Mus musculus","Wdr7","Mus musculus"
"Wfs1-Mus musculus","Wfs1","Mus musculus"
"Wnk2-Mus musculus","Wnk2","Mus musculus"
"Xkr4-Mus musculus","Xkr4","Mus musculus"
"Xpo1-Mus musculus","Xpo1","Mus musculus"
"Xpr1-Mus musculus","Xpr1","Mus musculus"
"Ybx1-Mus musculus","Ybx1","Mus musculus"
"Ybx3-Mus musculus","Ybx3","Mus musculus"
"Yif1b-Mus musculus","Yif1b","Mus musculus"
"Ykt6-Mus musculus","Ykt6","Mus musculus"
"Ywhab-Mus musculus","Ywhab","Mus musculus"
"Ywhae-Mus musculus","Ywhae","Mus musculus"
"Ywhag-Mus musculus","Ywhag","Mus musculus"
"Ywhah-Mus musculus","Ywhah","Mus musculus"
"Ywhaq-Mus musculus","Ywhaq","Mus musculus"
"Ywhaz-Mus musculus","Ywhaz","Mus musculus"
"Zbed5-Mus musculus","Zbed5","Mus musculus"
"Zc2hc1a-Mus musculus","Zc2hc1a","Mus musculus"
"Zdhhc13-Mus musculus","Zdhhc13","Mus musculus"
"Zdhhc6-Mus musculus","Zdhhc6","Mus musculus"
"Zfp365-Mus musculus","Zfp365","Mus musculus"
"Zfp955a-Mus musculus","Zfp955a","Mus musculus"
"Zyg11b-Mus musculus","Zyg11b","Mus musculus"
